severity_code,severity_label,population,disaster_type_code,disaster_type_label,water_purification_units,emergency_shelter_kits,medical_supply_crates,sar_equipment_sets,communication_radios,portable_generators,food_ration_packages,thermal_blankets,first_aid_stations,evacuation_vehicles
3,SEVERE,1692743,0,earthquake,7449,10276,5030,4606,3085,3245,8055,8602,1732,1712
1,MINOR,791743,1,cyclone,485,503,175,138,205,100,492,549,73,74
2,MODERATE,2416182,1,cyclone,5940,6840,2138,2005,2725,1759,5904,8591,1206,1296
2,MODERATE,4798669,0,earthquake,10386,8425,4898,3858,4161,2446,10306,9761,2371,2327
4,CATASTROPHIC,2704238,0,earthquake,28288,27274,16071,20295,12380,12827,26924,26297,6844,7467
2,MODERATE,1737095,0,earthquake,3639,3927,1773,1840,1581,858,3984,3083,951,1018
2,MODERATE,2991650,0,earthquake,6178,5934,3131,3211,2758,1369,5893,5405,1518,1478
0,NONE,3331068,1,cyclone,0,0,0,0,0,0,0,0,0,0
3,SEVERE,4027419,1,cyclone,29769,28686,11708,10316,9417,11637,29512,29323,2958,4999
4,CATASTROPHIC,4422880,0,earthquake,40217,40613,29464,29195,17488,24909,44160,44107,14353,11869
2,MODERATE,416880,0,earthquake,838,1039,408,429,415,184,929,896,224,189
4,CATASTROPHIC,4300385,1,cyclone,62714,57860,28769,24993,30792,32514,53576,70037,13827,14008
2,MODERATE,4336787,1,cyclone,11758,9144,4545,3790,4768,3472,13386,13526,2032,2466
0,NONE,4341747,1,cyclone,0,0,0,0,0,0,0,0,0,0
3,SEVERE,668234,0,earthquake,3439,3102,2378,2099,1177,1424,3015,3604,745,613
2,MODERATE,4301754,0,earthquake,7469,9223,4437,4327,4693,2144,6937,7874,2444,2402
0,NONE,4924207,0,earthquake,0,0,0,0,0,0,0,0,0,0
3,SEVERE,4842611,0,earthquake,21913,22767,14366,11986,8386,8114,21434,27577,4428,4345
1,MINOR,2294544,1,cyclone,1652,1775,593,332,579,361,1568,2383,242,306
3,SEVERE,448982,0,earthquake,2071,2191,1281,1357,1105,730,2398,1882,427,497
3,SEVERE,2058852,0,earthquake,9737,11093,6147,6496,3956,4298,12006,9533,2036,1958
2,MODERATE,1423286,1,cyclone,3887,4330,1252,1100,1626,997,4353,4442,621,932
4,CATASTROPHIC,3699391,0,earthquake,43118,35281,26119,24360,17239,18009,35955,34759,10488,12315
4,CATASTROPHIC,288790,1,cyclone,4333,4578,1995,1541,1742,2674,3906,4725,848,1045
2,MODERATE,721747,1,cyclone,2017,2386,738,561,904,602,1970,2394,336,395
3,SEVERE,1314093,1,cyclone,8635,8803,4427,2746,3644,3555,7483,9042,1570,1570
1,MINOR,157164,0,earthquake,81,83,44,34,33,14,64,68,14,17
4,CATASTROPHIC,1355531,0,earthquake,15106,14718,8893,8215,6556,8983,11461,12412,4226,4015
3,SEVERE,3599865,0,earthquake,20021,21856,10429,11068,7433,8405,19599,18892,3619,3621
4,CATASTROPHIC,2136233,0,earthquake,22556,23226,16679,14239,9971,12133,17010,24716,6214,6405
3,SEVERE,4984445,1,cyclone,35159,37571,15782,12839,10641,16092,30619,28190,5013,5476
4,CATASTROPHIC,1425541,1,cyclone,18947,19982,10076,7365,8574,11223,21221,23434,5197,4738
2,MODERATE,3295887,0,earthquake,8035,6058,3019,3098,2595,1561,6091,6690,1704,1957
0,NONE,4511732,1,cyclone,0,0,0,0,0,0,0,0,0,0
1,MINOR,4071647,0,earthquake,2095,1812,1263,807,836,418,1536,1852,402,404
3,SEVERE,1722320,0,earthquake,9917,8880,5005,4340,2973,3629,9524,9938,1579,1669
1,MINOR,508153,1,cyclone,372,352,166,76,127,86,244,356,53,68
2,MODERATE,315826,0,earthquake,698,520,278,251,307,169,726,636,183,136
2,MODERATE,1615952,0,earthquake,3168,3690,1690,1710,1369,905,3353,2788,847,641
2,MODERATE,666997,1,cyclone,1543,1958,716,518,964,484,1656,1905,306,377
4,CATASTROPHIC,2245131,1,cyclone,25630,27784,15650,11441,13635,20161,28080,30108,6857,7455
3,SEVERE,1567438,0,earthquake,7621,6033,3989,5345,3650,3056,8289,8081,2050,1742
4,CATASTROPHIC,118033,1,cyclone,1354,1378,850,628,726,770,1294,1807,341,335
1,MINOR,467010,0,earthquake,213,233,173,102,89,54,224,217,53,40
1,MINOR,912826,1,cyclone,469,637,256,127,245,136,603,746,91,114
2,MODERATE,2357821,0,earthquake,4850,5556,2650,2337,2143,1254,4817,5521,1295,1269
4,CATASTROPHIC,1050493,0,earthquake,10296,11005,6081,8266,6338,4230,9034,10746,2967,3233
4,CATASTROPHIC,3254600,0,earthquake,32312,29213,25717,23840,15362,18722,30891,28504,9942,10108
3,SEVERE,137023,0,earthquake,708,656,391,393,284,262,704,827,148,132
0,NONE,829735,1,cyclone,0,0,0,0,0,0,0,0,0,0
2,MODERATE,1627781,0,earthquake,2774,3627,1682,1560,1730,998,3314,3336,776,744
4,CATASTROPHIC,2361632,1,cyclone,32723,30056,19246,13173,14293,16034,28308,27643,7123,10632
4,CATASTROPHIC,126108,0,earthquake,1439,1201,885,870,738,663,1410,1306,374,390
1,MINOR,76077,0,earthquake,39,33,28,15,15,8,39,38,7,7
3,SEVERE,2414472,1,cyclone,15177,16106,6951,5546,5520,7932,14038,16787,2032,3307
4,CATASTROPHIC,2154697,1,cyclone,29342,34144,14766,10922,10916,11660,28463,34826,6768,6570
3,SEVERE,4108997,0,earthquake,20070,21975,14606,13715,7997,7308,25831,20666,4114,4099
2,MODERATE,4096951,0,earthquake,7826,6453,3509,4697,4221,2287,9046,7374,2546,2447
0,NONE,1599601,1,cyclone,0,0,0,0,0,0,0,0,0,0
3,SEVERE,4846769,0,earthquake,24017,24306,13515,13481,9789,9567,25446,21681,4676,4735
2,MODERATE,3002819,1,cyclone,6963,8925,3180,2327,3720,1970,8528,8841,1422,1990
1,MINOR,3816446,1,cyclone,2398,2645,1090,672,858,644,2389,2997,387,413
2,MODERATE,90093,0,earthquake,174,204,109,96,84,43,156,182,37,47
0,NONE,4085412,0,earthquake,0,0,0,0,0,0,0,0,0,0
4,CATASTROPHIC,1400283,1,cyclone,17066,19655,10309,7272,8558,9708,17090,18049,3813,4359
0,NONE,3563706,0,earthquake,0,0,0,0,0,0,0,0,0,0
0,NONE,1170365,0,earthquake,0,0,0,0,0,0,0,0,0,0
2,MODERATE,2524388,1,cyclone,5849,7725,2079,2250,2629,1850,7262,7663,1365,1608
4,CATASTROPHIC,3737973,1,cyclone,46388,55643,22171,20811,24263,28410,50764,54873,12480,13348
2,MODERATE,3182993,0,earthquake,5471,6684,2851,3589,3099,1612,6628,5137,1487,1757
1,MINOR,2735264,1,cyclone,1957,1877,730,333,627,361,2239,1918,254,278
0,NONE,1859582,0,earthquake,0,0,0,0,0,0,0,0,0,0
0,NONE,397710,0,earthquake,0,0,0,0,0,0,0,0,0,0
2,MODERATE,4165100,1,cyclone,10138,11043,3905,3146,4679,3495,12367,11782,1909,2616
2,MODERATE,4988023,0,earthquake,12327,10911,4568,5070,4807,2639,10518,11057,2281,2520
3,SEVERE,1725690,0,earthquake,8667,8084,5646,5195,4095,3734,9580,8742,1752,2024
3,SEVERE,4176224,0,earthquake,21728,22374,13158,13602,9194,9631,19525,21884,4021,3828
1,MINOR,442061,0,earthquake,216,221,143,75,88,44,237,191,50,45
2,MODERATE,3648966,1,cyclone,10612,9975,3216,2802,4716,2921,9979,10263,1961,2403
0,NONE,2042999,0,earthquake,0,0,0,0,0,0,0,0,0,0
1,MINOR,3157473,1,cyclone,2191,2199,1070,510,820,450,1903,2541,329,388
4,CATASTROPHIC,4767493,0,earthquake,51955,46690,31000,31139,24014,23290,52206,46039,15025,14261
0,NONE,2442266,1,cyclone,0,0,0,0,0,0,0,0,0,0
3,SEVERE,4848341,1,cyclone,34321,28108,14976,11588,11497,12831,28561,42248,5437,6249
3,SEVERE,2379877,0,earthquake,11870,11219,6951,6851,5903,4748,12523,14019,2171,2388
4,CATASTROPHIC,2049949,0,earthquake,19533,22703,15256,12945,10610,10385,23987,23334,5206,6679
3,SEVERE,364359,1,cyclone,2667,2693,1056,1085,931,1309,2688,2859,343,436
3,SEVERE,4813673,1,cyclone,29250,32065,13978,12042,12156,13612,31212,43836,5645,6028
4,CATASTROPHIC,1031519,1,cyclone,13460,14614,7663,5185,6029,6445,13945,16474,2945,4297
3,SEVERE,4188891,1,cyclone,27305,33955,13763,13015,9641,12662,31499,26567,4740,5247
1,MINOR,2377074,1,cyclone,1773,1893,668,395,598,365,1460,1663,237,318
3,SEVERE,3109244,0,earthquake,17943,18351,8688,9584,5394,6885,17173,15087,3114,3080
3,SEVERE,61367,1,cyclone,397,450,185,128,161,175,336,440,70,79
3,SEVERE,1942811,0,earthquake,8124,10885,6699,5932,3703,4581,9882,10772,1842,1951
1,MINOR,2843940,1,cyclone,1876,1895,799,430,799,459,1759,1609,240,358
2,MODERATE,2428081,0,earthquake,4433,5052,2200,2584,2495,1135,5377,4776,1280,1102
1,MINOR,4642929,1,cyclone,3308,3350,1330,747,1136,727,2692,3714,413,648
4,CATASTROPHIC,4352360,1,cyclone,50979,58251,25550,26642,25240,33315,53161,63152,14654,16756
3,SEVERE,2887698,1,cyclone,20252,19422,7390,6307,6001,9671,21281,25093,2304,3836
4,CATASTROPHIC,3360160,0,earthquake,26373,39543,23619,22974,17558,15038,33610,39046,10707,10139
1,MINOR,2861509,1,cyclone,1601,1673,946,569,781,453,1970,2329,307,353
0,NONE,1701667,0,earthquake,0,0,0,0,0,0,0,0,0,0
1,MINOR,4117923,1,cyclone,2411,3153,1114,644,1042,557,2704,2676,387,509
1,MINOR,3021097,1,cyclone,1959,2231,926,549,734,433,1987,2388,303,364
0,NONE,3329049,0,earthquake,0,0,0,0,0,0,0,0,0,0
1,MINOR,4021080,1,cyclone,2465,2936,1068,627,1013,581,3258,2445,380,437
2,MODERATE,4758982,1,cyclone,10732,14328,4498,3869,5462,3322,14442,15594,1934,2291
0,NONE,4423408,0,earthquake,0,0,0,0,0,0,0,0,0,0
4,CATASTROPHIC,4077716,1,cyclone,54764,61846,22853,23689,27469,26883,61876,63728,11370,14597
3,SEVERE,3765689,1,cyclone,24747,27356,10533,9510,7631,9238,18760,26832,3482,4875
4,CATASTROPHIC,4863059,1,cyclone,68361,63410,35056,29961,25565,36563,58907,64378,12347,15422
0,NONE,4586440,0,earthquake,0,0,0,0,0,0,0,0,0,0
0,NONE,4861993,1,cyclone,0,0,0,0,0,0,0,0,0,0
3,SEVERE,3332049,1,cyclone,21925,24979,8027,7822,7178,10297,22279,24701,3502,4397
1,MINOR,1809377,1,cyclone,1235,1273,444,270,308,279,1209,1249,190,189
3,SEVERE,3447794,0,earthquake,16871,19808,10497,9994,6472,6687,16569,17532,3503,3448
0,NONE,960612,0,earthquake,0,0,0,0,0,0,0,0,0,0
4,CATASTROPHIC,1546236,1,cyclone,19633,19381,11242,9843,8355,12268,17020,25589,4831,6165
4,CATASTROPHIC,3246417,0,earthquake,32414,34344,22996,20513,18174,15974,32375,29434,9307,8877
3,SEVERE,597218,0,earthquake,3288,3081,1880,1770,1249,1214,3083,2936,645,554
3,SEVERE,2073290,0,earthquake,11135,10676,7029,7191,4159,3834,10843,9663,2490,2101
4,CATASTROPHIC,3919047,0,earthquake,42298,44002,27095,27691,19614,18531,36176,30286,10491,9665
4,CATASTROPHIC,629085,1,cyclone,7538,9581,4670,3984,3301,4481,8408,8562,2008,2542
1,MINOR,4018365,0,earthquake,2301,2370,1295,851,735,416,2121,1966,377,350
2,MODERATE,1519603,1,cyclone,4034,4472,1470,1215,1959,1098,4070,3802,665,966
3,SEVERE,4826847,0,earthquake,26848,22204,14907,11993,9132,9956,22681,24793,4820,5085
3,SEVERE,1630668,1,cyclone,13037,12642,3962,3944,4622,5197,10947,13330,1529,2050
1,MINOR,2513024,1,cyclone,1599,1609,710,425,703,391,1438,1968,281,283
3,SEVERE,3099555,1,cyclone,20612,22209,10067,8032,8276,10027,19933,26087,2767,3721
4,CATASTROPHIC,3380355,1,cyclone,40967,50504,24594,17273,19437,22359,48253,49407,11958,12267
4,CATASTROPHIC,3562169,0,earthquake,34751,36016,31199,24090,17265,17927,39505,30559,11172,9812
3,SEVERE,2790373,0,earthquake,14075,16013,7415,8209,5180,4539,13836,13782,3212,2966
2,MODERATE,2643061,0,earthquake,5527,4714,2292,2638,2867,1437,5474,5311,1389,1208
4,CATASTROPHIC,1739461,0,earthquake,16379,15131,10471,8759,9300,8607,18976,19878,5270,5294
3,SEVERE,2747176,1,cyclone,17027,18564,8841,6478,6382,8226,19439,19176,2728,3377
1,MINOR,4464344,0,earthquake,2071,2124,1480,1074,775,397,2194,2256,481,406
2,MODERATE,2163859,1,cyclone,6021,6117,2140,1626,2826,1473,5001,6859,937,1611
0,NONE,4747647,1,cyclone,0,0,0,0,0,0,0,0,0,0
0,NONE,2445840,1,cyclone,0,0,0,0,0,0,0,0,0,0
3,SEVERE,2167354,1,cyclone,11082,15116,6585,5756,5615,7028,12715,17002,2510,2699
0,NONE,3227544,1,cyclone,0,0,0,0,0,0,0,0,0,0
3,SEVERE,4514276,0,earthquake,24940,19455,9805,14982,7919,9220,19037,25500,5662,4596
4,CATASTROPHIC,916383,1,cyclone,11256,14040,5863,5717,5493,7081,12350,12898,2856,3044
2,MODERATE,239968,1,cyclone,660,693,244,185,297,174,634,814,107,160
2,MODERATE,3888577,0,earthquake,6744,8619,4175,3668,3915,2146,7421,7542,1991,1855
2,MODERATE,4565537,0,earthquake,8415,9686,4044,5485,5288,2399,9523,9480,2171,2350
2,MODERATE,3351463,1,cyclone,8363,9876,3180,2889,4575,2768,7026,10180,1848,1746
3,SEVERE,475595,0,earthquake,2550,2536,1253,1545,977,1013,2148,2413,394,367
3,SEVERE,3232244,1,cyclone,20508,20332,9601,8852,7719,9402,21825,22553,3504,4070
4,CATASTROPHIC,1076941,0,earthquake,12968,11784,9196,7939,4592,5243,8938,11338,3471,2944
0,NONE,163834,1,cyclone,0,0,0,0,0,0,0,0,0,0
3,SEVERE,401067,0,earthquake,2041,2348,1068,1189,722,764,2292,1950,457,445
3,SEVERE,3045915,1,cyclone,19290,16198,9525,7414,8391,9696,24334,23088,3013,3587
0,NONE,3021372,1,cyclone,0,0,0,0,0,0,0,0,0,0
0,NONE,4070028,0,earthquake,0,0,0,0,0,0,0,0,0,0
4,CATASTROPHIC,4107834,0,earthquake,39288,41362,27910,29080,22096,20360,39560,36463,13037,12752
4,CATASTROPHIC,4904948,0,earthquake,41293,53439,32676,34838,28478,26724,47732,44678,11548,13656
2,MODERATE,2655982,1,cyclone,7540,7521,2211,1934,3019,2291,7824,9025,1358,1739
1,MINOR,856626,1,cyclone,581,535,262,160,217,140,420,742,84,94
4,CATASTROPHIC,208944,0,earthquake,2353,1908,1604,1525,977,1230,1840,2281,689,584
3,SEVERE,673218,0,earthquake,2753,3132,1648,2256,1559,1451,3033,3864,656,591
3,SEVERE,807744,0,earthquake,3976,4212,1853,2504,1685,1829,4532,4083,930,972
3,SEVERE,828791,1,cyclone,5681,5805,2377,1967,1971,2394,5247,7209,875,965
4,CATASTROPHIC,3610793,1,cyclone,50211,48863,28240,20967,21432,28293,39566,48059,9539,13184
0,NONE,4327308,1,cyclone,0,0,0,0,0,0,0,0,0,0
2,MODERATE,4587878,1,cyclone,13075,10502,4509,3263,5392,4244,12276,15001,2743,3063
4,CATASTROPHIC,1500134,0,earthquake,15128,14874,11050,10785,7694,6735,12468,16714,4254,4478
2,MODERATE,2123238,1,cyclone,5609,5710,2012,1692,2316,1597,5491,7415,1052,1028
2,MODERATE,421280,1,cyclone,1030,1341,331,442,558,323,1089,1299,221,269
3,SEVERE,4161900,0,earthquake,20398,20494,12242,13901,8817,5876,22174,21214,4154,4000
4,CATASTROPHIC,217770,0,earthquake,2009,2266,1376,1314,1020,1182,2385,2289,700,687
0,NONE,2878350,0,earthquake,0,0,0,0,0,0,0,0,0,0
3,SEVERE,3731404,0,earthquake,17321,19284,10664,11897,6592,7409,20487,20962,3890,3604
2,MODERATE,3214215,0,earthquake,6328,6878,3124,3417,2718,1585,6479,6443,1341,1800
0,NONE,1472542,0,earthquake,0,0,0,0,0,0,0,0,0,0
3,SEVERE,1279180,0,earthquake,5923,6965,3133,3826,2644,2315,5995,6405,1401,1147
1,MINOR,734983,0,earthquake,385,361,216,149,162,74,399,373,72,78
3,SEVERE,3385744,1,cyclone,22179,22385,9301,8459,8572,9791,20731,23284,3515,3736
0,NONE,3424083,0,earthquake,0,0,0,0,0,0,0,0,0,0
3,SEVERE,3172382,1,cyclone,21903,19677,10506,7556,8124,8497,17416,25738,3291,3463
1,MINOR,3300354,1,cyclone,2071,2764,910,536,801,479,2255,2621,299,400
1,MINOR,4387373,0,earthquake,1859,1944,1287,645,945,333,2176,2196,462,436
3,SEVERE,4995929,1,cyclone,31600,40445,13690,11127,11075,15191,27522,32397,4865,5223
4,CATASTROPHIC,29336,0,earthquake,268,314,224,244,174,158,323,297,92,105
0,NONE,2911190,0,earthquake,0,0,0,0,0,0,0,0,0,0
4,CATASTROPHIC,4696671,1,cyclone,64336,66092,32200,24591,26314,33119,63125,63446,14644,19297
2,MODERATE,2477748,1,cyclone,5605,8032,2187,2150,3163,1814,6272,6068,1279,1578
1,MINOR,2763545,0,earthquake,1381,1488,689,512,514,310,1472,1407,284,319
4,CATASTROPHIC,3999453,0,earthquake,39191,35066,29250,29035,20093,20660,38299,33525,11138,12186
1,MINOR,3045529,1,cyclone,2088,2007,916,515,724,400,1789,2473,346,408
2,MODERATE,2715223,1,cyclone,7055,8790,2883,2127,3463,1777,6568,7262,1421,1745
2,MODERATE,4156004,0,earthquake,8295,7907,3825,4296,3840,1752,7194,6979,2129,2109
0,NONE,4320614,0,earthquake,0,0,0,0,0,0,0,0,0,0
2,MODERATE,4610146,1,cyclone,11021,14144,4969,3580,6312,3317,11553,9029,2399,2399
0,NONE,3319151,0,earthquake,0,0,0,0,0,0,0,0,0,0
1,MINOR,2444291,0,earthquake,864,1374,721,521,570,303,1142,1238,277,223
4,CATASTROPHIC,4809045,0,earthquake,45234,43446,36396,38166,27610,22888,52196,49226,13603,15486
2,MODERATE,1531064,1,cyclone,3432,4087,1569,1417,1772,1029,4576,4361,631,930
1,MINOR,1641232,1,cyclone,1082,1205,500,234,421,269,938,1208,159,201
1,MINOR,1999014,0,earthquake,957,1067,567,421,347,175,1105,1093,212,201
0,NONE,337369,0,earthquake,0,0,0,0,0,0,0,0,0,0
2,MODERATE,3819712,0,earthquake,8173,7961,4007,3618,2997,2119,7273,6980,2042,1834
2,MODERATE,2487111,0,earthquake,5186,4883,2152,2656,2389,1191,4947,4854,1197,1084
0,NONE,3662340,0,earthquake,0,0,0,0,0,0,0,0,0,0
0,NONE,4764812,1,cyclone,0,0,0,0,0,0,0,0,0,0
1,MINOR,3855933,0,earthquake,2002,1935,1002,789,667,400,1774,1935,400,480
2,MODERATE,4104399,1,cyclone,11683,10014,4140,3413,4884,3135,10882,11312,2359,2769
4,CATASTROPHIC,2866069,0,earthquake,31548,22910,23972,18941,15445,17947,34838,25858,7356,9828
4,CATASTROPHIC,2291136,0,earthquake,24334,22538,17162,16145,12283,10430,26174,24509,7317,6105
1,MINOR,2179441,0,earthquake,995,1074,674,444,365,208,1272,1036,218,216
0,NONE,4138,0,earthquake,0,0,0,0,0,0,0,0,0,0
1,MINOR,853329,1,cyclone,547,453,279,127,211,96,608,591,73,98
2,MODERATE,3499701,0,earthquake,7774,7448,4249,3237,3790,1571,5868,5574,1844,1782
3,SEVERE,2252641,0,earthquake,10723,9265,6291,6760,4862,4497,11547,10839,2646,2023
0,NONE,853605,1,cyclone,0,0,0,0,0,0,0,0,0,0
4,CATASTROPHIC,1174846,1,cyclone,16008,17347,8675,6411,6960,9100,15404,13711,3443,3869
2,MODERATE,3205228,0,earthquake,6608,5027,3296,3275,3041,1270,6274,6386,1543,1308
4,CATASTROPHIC,2534957,1,cyclone,31579,34442,19476,15499,13315,19116,30616,33238,7439,8844
0,NONE,4109545,1,cyclone,0,0,0,0,0,0,0,0,0,0
0,NONE,4798793,1,cyclone,0,0,0,0,0,0,0,0,0,0
4,CATASTROPHIC,1133183,1,cyclone,13264,16897,8613,6196,6825,7267,14289,16912,4290,3625
4,CATASTROPHIC,4860319,1,cyclone,64957,80010,35288,28276,29007,40912,70112,68343,12657,17141
1,MINOR,1167272,0,earthquake,564,583,411,208,202,115,622,610,120,117
1,MINOR,2014017,0,earthquake,977,1142,539,375,352,171,988,944,236,195
1,MINOR,1441246,0,earthquake,707,767,446,297,329,124,728,678,164,112
4,CATASTROPHIC,2549565,0,earthquake,28367,27467,16417,20535,11177,14414,22693,24598,8137,6527
4,CATASTROPHIC,3715929,1,cyclone,48970,58069,23948,23016,25953,26042,54922,45925,11582,11733
1,MINOR,4392541,1,cyclone,2859,3352,1198,809,1108,726,2667,3575,391,574
2,MODERATE,1857596,0,earthquake,4197,3757,1529,1803,2050,974,3657,4201,997,1004
0,NONE,3030555,1,cyclone,0,0,0,0,0,0,0,0,0,0
2,MODERATE,917472,1,cyclone,2969,2266,818,648,1068,763,2139,3058,460,489
1,MINOR,3845474,0,earthquake,2108,1986,1342,904,905,365,1662,1816,411,390
1,MINOR,465590,1,cyclone,258,330,155,78,119,80,300,326,52,62
1,MINOR,2956151,0,earthquake,1507,1574,900,562,686,306,1425,1667,256,361
1,MINOR,1384822,0,earthquake,751,727,374,361,246,134,577,729,140,149
3,SEVERE,1429290,1,cyclone,8937,10182,4358,3393,2954,4560,10065,12481,1492,1715
2,MODERATE,4715700,0,earthquake,10275,8835,4835,5102,4699,2465,8944,9246,2309,2181
1,MINOR,869446,1,cyclone,559,531,257,128,215,130,595,572,83,115
3,SEVERE,713340,0,earthquake,3431,3685,2328,2058,1153,1405,4048,3667,730,637
2,MODERATE,871535,1,cyclone,2074,2434,707,669,921,501,2388,3043,484,558
1,MINOR,169934,0,earthquake,86,76,51,32,41,16,100,89,15,17
1,MINOR,797583,0,earthquake,370,466,261,160,187,80,442,400,82,79
0,NONE,511162,1,cyclone,0,0,0,0,0,0,0,0,0,0
2,MODERATE,872834,1,cyclone,2295,2237,907,730,1101,590,2114,2441,420,551
3,SEVERE,2806284,0,earthquake,14447,14557,9558,8998,5532,4948,13028,13664,3038,2798
4,CATASTROPHIC,1912493,1,cyclone,23230,24812,13294,11663,13300,14048,24751,25204,6850,5920
4,CATASTROPHIC,3457521,0,earthquake,33826,40980,26939,26018,17514,16583,37000,30678,11964,10188
4,CATASTROPHIC,4840349,0,earthquake,44640,51759,32431,26946,24519,24410,52668,55935,17298,15775
0,NONE,2599327,1,cyclone,0,0,0,0,0,0,0,0,0,0
2,MODERATE,3466689,0,earthquake,7016,6655,4055,3840,3255,1574,7892,8084,1353,1749
0,NONE,1572138,1,cyclone,0,0,0,0,0,0,0,0,0,0
3,SEVERE,3531674,0,earthquake,19066,15915,9662,9259,7663,6989,15338,19166,3335,3223
2,MODERATE,544026,1,cyclone,1386,1748,522,460,700,426,1594,1516,243,291
0,NONE,2598133,0,earthquake,0,0,0,0,0,0,0,0,0,0
3,SEVERE,1074477,0,earthquake,5862,5429,3630,2950,2265,2191,5514,6055,1153,1105
1,MINOR,141449,0,earthquake,76,65,39,27,24,14,72,72,15,16
2,MODERATE,4474843,1,cyclone,9605,13259,4445,3741,5138,3307,11785,13019,1897,2622
0,NONE,3886912,0,earthquake,0,0,0,0,0,0,0,0,0,0
0,NONE,2605221,0,earthquake,0,0,0,0,0,0,0,0,0,0
3,SEVERE,668629,1,cyclone,4492,5596,2000,1522,1420,1943,4415,5041,783,842
4,CATASTROPHIC,3699243,0,earthquake,42727,37250,26092,25429,16232,19745,38507,37616,10968,10773
4,CATASTROPHIC,1765520,0,earthquake,16833,17145,11037,10150,9849,9963,17362,16455,5096,5111
3,SEVERE,4290447,1,cyclone,26665,28416,15254,10462,10003,12058,30381,30580,4268,4819
1,MINOR,775292,0,earthquake,368,377,227,153,147,87,424,382,79,74
1,MINOR,1985681,0,earthquake,1226,728,635,327,388,196,1142,924,224,175
2,MODERATE,407407,0,earthquake,820,787,459,451,425,180,756,731,157,229
3,SEVERE,4357356,1,cyclone,32560,29049,11973,10222,9273,13522,27264,31022,4098,5173
2,MODERATE,353039,0,earthquake,657,779,382,315,386,141,877,797,166,183
3,SEVERE,1460235,0,earthquake,7616,7644,4070,4068,2888,2658,7915,7031,1035,1405
2,MODERATE,69518,1,cyclone,189,230,64,52,87,50,211,215,31,34
1,MINOR,170948,1,cyclone,110,114,46,29,35,27,99,118,14,19
0,NONE,2072723,0,earthquake,0,0,0,0,0,0,0,0,0,0
1,MINOR,3647965,0,earthquake,1986,2157,1049,781,896,342,1543,1481,390,296
4,CATASTROPHIC,4327552,0,earthquake,49635,44553,32302,28098,22906,20780,41314,47147,14153,15174
1,MINOR,876336,1,cyclone,512,592,262,135,206,136,640,743,94,91
4,CATASTROPHIC,2268693,0,earthquake,20765,25521,17118,15818,10869,9045,20257,27023,5934,6935
2,MODERATE,2573697,0,earthquake,4931,5794,2672,2903,2758,1015,5341,5307,1303,1269
4,CATASTROPHIC,1652131,1,cyclone,25561,23696,11693,9392,11084,13829,21229,25407,5279,5271
2,MODERATE,4124390,0,earthquake,8320,8072,4089,2809,4405,1997,7136,9009,2193,1994
4,CATASTROPHIC,1979746,0,earthquake,17516,20149,14028,15139,9459,11081,18727,17133,5266,5902
2,MODERATE,4329454,1,cyclone,12853,9106,4882,3580,4568,2897,13143,11760,1915,2893
2,MODERATE,964795,0,earthquake,1777,1996,812,1010,933,546,2060,2141,446,532
4,CATASTROPHIC,1503061,0,earthquake,14585,14669,13209,9845,6874,7579,16804,18455,4805,3936
2,MODERATE,3882506,1,cyclone,8321,11065,4493,2606,4209,3036,10133,12126,1805,2600
2,MODERATE,1791396,1,cyclone,4806,5103,1903,1459,1893,1489,5038,4241,837,1186
2,MODERATE,2455918,0,earthquake,4620,4830,2475,1933,2568,1107,4345,4083,1007,1061
4,CATASTROPHIC,2693695,1,cyclone,33176,38382,19611,15282,16037,17787,40098,47707,6721,8704
0,NONE,1840875,0,earthquake,0,0,0,0,0,0,0,0,0,0
2,MODERATE,4183583,1,cyclone,10583,11375,4249,3688,4857,3430,11408,15514,2023,2014
0,NONE,1347203,1,cyclone,0,0,0,0,0,0,0,0,0,0
4,CATASTROPHIC,3354513,0,earthquake,35318,37843,25456,22646,13533,18232,32549,33776,9884,8699
4,CATASTROPHIC,751993,0,earthquake,7764,8428,5864,4969,4237,3840,8453,7951,1912,2650
3,SEVERE,4563167,1,cyclone,29616,30872,14372,11568,11818,12993,23204,36761,4759,5127
4,CATASTROPHIC,1515554,1,cyclone,21732,20509,9729,7959,8882,11353,19797,21756,4637,5460
0,NONE,1251661,0,earthquake,0,0,0,0,0,0,0,0,0,0
0,NONE,1017497,1,cyclone,0,0,0,0,0,0,0,0,0,0
0,NONE,2702303,1,cyclone,0,0,0,0,0,0,0,0,0,0
4,CATASTROPHIC,2063729,0,earthquake,18785,17929,15172,13942,9806,10933,17485,17124,5821,6858
3,SEVERE,382811,1,cyclone,2787,2755,1187,944,933,1106,2426,2563,298,510
3,SEVERE,1857845,1,cyclone,12557,11927,5015,4332,5068,4922,8903,13207,2070,1843
0,NONE,4452664,0,earthquake,0,0,0,0,0,0,0,0,0,0
4,CATASTROPHIC,1261368,0,earthquake,12690,10838,8678,7891,6678,6142,12819,12147,3573,3415
0,NONE,624773,0,earthquake,0,0,0,0,0,0,0,0,0,0
0,NONE,4216803,0,earthquake,0,0,0,0,0,0,0,0,0,0
3,SEVERE,3278262,1,cyclone,22422,18737,8304,9333,7297,10031,18135,24818,3042,3319
0,NONE,817166,1,cyclone,0,0,0,0,0,0,0,0,0,0
0,NONE,3912669,0,earthquake,0,0,0,0,0,0,0,0,0,0
0,NONE,3510764,1,cyclone,0,0,0,0,0,0,0,0,0,0
3,SEVERE,790671,1,cyclone,5018,5946,2472,1948,1833,2459,5075,6201,751,931
2,MODERATE,2117191,1,cyclone,6049,5580,2037,1815,2397,1655,5687,6441,938,1426
0,NONE,3483978,1,cyclone,0,0,0,0,0,0,0,0,0,0
4,CATASTROPHIC,789148,0,earthquake,8073,7373,6338,6259,4259,3777,8316,8663,2077,2768
4,CATASTROPHIC,3424638,0,earthquake,38614,33726,25251,25984,19209,18933,37233,33167,9686,10615
1,MINOR,1381710,0,earthquake,695,703,357,298,303,128,620,669,138,134
0,NONE,944461,0,earthquake,0,0,0,0,0,0,0,0,0,0
0,NONE,3288157,0,earthquake,0,0,0,0,0,0,0,0,0,0
4,CATASTROPHIC,3305107,1,cyclone,40999,45534,22278,16013,18413,26080,44348,50409,8928,11682
3,SEVERE,3169562,0,earthquake,17220,17434,10241,8728,6822,5822,17096,13589,3139,2909
0,NONE,3539172,0,earthquake,0,0,0,0,0,0,0,0,0,0
3,SEVERE,4822778,0,earthquake,20686,22866,13708,15958,8619,8883,24681,20916,4504,4020
4,CATASTROPHIC,3886613,0,earthquake,38804,42426,25241,26357,17380,17376,35288,36952,11211,11996
2,MODERATE,473656,1,cyclone,1442,1303,464,337,484,352,1189,1421,238,354
1,MINOR,432941,0,earthquake,236,168,136,79,82,39,247,216,46,48
4,CATASTROPHIC,4754489,1,cyclone,57892,70985,31020,24430,30800,37265,63971,66661,16107,17140
4,CATASTROPHIC,3411097,0,earthquake,30098,35774,26699,25025,16710,16154,37645,29257,9240,9826
1,MINOR,4961172,1,cyclone,3084,2946,1499,810,1276,752,3468,4652,535,653
2,MODERATE,676337,1,cyclone,1700,2045,601,603,823,477,1652,1748,320,395
4,CATASTROPHIC,806017,1,cyclone,9366,11232,5908,4417,5156,5557,11529,12237,2791,3602
1,MINOR,1521193,1,cyclone,1068,893,465,239,462,229,927,1153,151,146
3,SEVERE,1786852,0,earthquake,9203,9091,4372,4883,3550,3765,6972,8789,1812,1938
0,NONE,224062,0,earthquake,0,0,0,0,0,0,0,0,0,0
0,NONE,2113048,1,cyclone,0,0,0,0,0,0,0,0,0,0
0,NONE,2413081,0,earthquake,0,0,0,0,0,0,0,0,0,0
1,MINOR,3873691,1,cyclone,2759,2836,1025,630,992,669,2741,3126,389,482
1,MINOR,116220,1,cyclone,72,75,36,20,26,13,72,95,12,14
2,MODERATE,2932878,1,cyclone,8036,8816,2834,2406,3367,2039,8896,8905,1540,1906
1,MINOR,3916247,0,earthquake,2073,1941,1214,796,650,399,1886,1820,488,440
3,SEVERE,3271593,0,earthquake,18047,18013,9995,10687,5997,6924,16106,12988,2752,3054
3,SEVERE,1246729,0,earthquake,5908,6549,3692,3431,2303,2975,6510,5172,1315,1222
0,NONE,373145,1,cyclone,0,0,0,0,0,0,0,0,0,0
0,NONE,1209725,0,earthquake,0,0,0,0,0,0,0,0,0,0
4,CATASTROPHIC,3823873,1,cyclone,48591,49024,29445,22106,25903,24978,55733,48476,11141,14334
3,SEVERE,4628656,0,earthquake,23573,25597,11349,14081,10367,9312,20499,25474,4328,4247
0,NONE,3494679,1,cyclone,0,0,0,0,0,0,0,0,0,0
3,SEVERE,1731530,1,cyclone,11137,12597,4811,4230,4346,5295,10107,13254,1984,2171
4,CATASTROPHIC,992652,0,earthquake,10535,9071,6312,6157,4921,5564,8968,11592,3248,2541
3,SEVERE,2541396,1,cyclone,13979,17531,7284,6168,5877,6093,15877,18477,2702,2836
3,SEVERE,3084903,1,cyclone,18875,23741,6888,7508,8402,10640,19587,20068,3506,3682
2,MODERATE,2925609,1,cyclone,6913,7193,3223,2520,3738,2372,7483,8228,1319,1564
3,SEVERE,2374494,1,cyclone,15229,16002,6096,5400,6523,8069,16137,18989,2863,3012
1,MINOR,1429608,1,cyclone,1074,847,498,220,334,173,886,960,134,169
2,MODERATE,4484781,1,cyclone,12948,11801,4392,3444,4555,3544,11705,15392,2057,2983
2,MODERATE,348848,1,cyclone,957,766,333,327,412,270,1053,1030,188,217
1,MINOR,391670,1,cyclone,256,253,129,61,98,55,238,296,39,49
0,NONE,2821105,0,earthquake,0,0,0,0,0,0,0,0,0,0
1,MINOR,997057,0,earthquake,497,488,287,196,166,96,565,450,89,100
0,NONE,2469606,1,cyclone,0,0,0,0,0,0,0,0,0,0
0,NONE,144454,1,cyclone,0,0,0,0,0,0,0,0,0,0
1,MINOR,1790228,0,earthquake,939,639,491,317,348,169,966,728,179,189
0,NONE,2593050,0,earthquake,0,0,0,0,0,0,0,0,0,0
2,MODERATE,58123,1,cyclone,170,152,55,41,63,35,149,200,30,39
2,MODERATE,390508,1,cyclone,923,1158,358,336,454,283,1020,1014,214,264
0,NONE,3638236,1,cyclone,0,0,0,0,0,0,0,0,0,0
3,SEVERE,3109823,0,earthquake,14703,14364,9044,8927,6476,5844,15681,18029,3147,3581
3,SEVERE,3946617,0,earthquake,21270,17541,12739,13650,8100,7411,20019,18435,3621,4216
3,SEVERE,4539469,1,cyclone,29096,35605,13015,10523,10277,12092,31909,41487,4365,5076
0,NONE,2801285,0,earthquake,0,0,0,0,0,0,0,0,0,0
3,SEVERE,2188077,1,cyclone,13430,14305,6105,5623,5368,6434,12660,16133,2245,2704
3,SEVERE,1958615,0,earthquake,10460,8663,6319,5993,4102,3664,8166,10285,1554,1896
2,MODERATE,1411910,0,earthquake,3373,3113,1319,1415,1405,594,2558,2665,562,709
1,MINOR,3684815,0,earthquake,1510,1931,969,724,805,313,1953,1787,332,443
0,NONE,1462108,1,cyclone,0,0,0,0,0,0,0,0,0,0
1,MINOR,1588858,1,cyclone,1052,1012,624,216,335,259,1019,1292,164,179
4,CATASTROPHIC,4552538,1,cyclone,55587,61158,29680,21841,27713,36142,62230,73887,14100,15516
4,CATASTROPHIC,3371189,0,earthquake,32908,29528,27040,23169,19649,18719,32151,29018,10389,9491
2,MODERATE,3684032,0,earthquake,7627,6725,3484,3657,4082,1757,7093,8729,1822,1725
3,SEVERE,4587749,0,earthquake,24486,22572,14643,13419,9701,9843,20491,25467,4511,4372
2,MODERATE,4151951,0,earthquake,8300,8611,4313,4404,5304,2084,7693,6626,1827,2332
2,MODERATE,816117,0,earthquake,2034,1685,853,999,958,439,1767,1782,398,419
4,CATASTROPHIC,1553749,0,earthquake,17323,15998,12254,11190,6869,6733,13126,16566,5215,5523
4,CATASTROPHIC,2300457,0,earthquake,20429,25260,14337,17865,12224,13065,23061,21121,6009,6085
4,CATASTROPHIC,254265,1,cyclone,3658,3756,1773,1717,1510,1949,3289,3684,810,857
2,MODERATE,4003031,1,cyclone,9889,11358,3866,3198,4480,2809,9554,13021,2035,2622
1,MINOR,2845376,0,earthquake,1548,1420,840,640,600,274,1492,1242,291,241
4,CATASTROPHIC,1729187,1,cyclone,19811,26769,11391,8777,10190,11785,21541,26830,5368,5666
3,SEVERE,751972,0,earthquake,3438,3794,2113,2144,1455,1369,3490,3501,783,543
2,MODERATE,1545288,0,earthquake,3427,3461,1376,1668,1517,783,3129,3117,890,667
3,SEVERE,1764688,1,cyclone,11622,12211,4824,4595,4181,5168,11737,14189,1595,2302
1,MINOR,3340444,0,earthquake,1912,1432,1030,647,714,293,1942,1401,325,348
1,MINOR,3472696,1,cyclone,2222,2248,925,597,841,513,2142,2557,352,488
1,MINOR,1001675,0,earthquake,478,559,292,187,200,101,441,485,96,98
0,NONE,3928094,1,cyclone,0,0,0,0,0,0,0,0,0,0
2,MODERATE,561548,0,earthquake,1274,1110,638,543,613,287,1317,957,248,332
4,CATASTROPHIC,4494893,1,cyclone,56416,66007,33623,23059,27152,26902,66859,63968,13560,15680
2,MODERATE,1877887,1,cyclone,4874,5202,1792,1761,2053,1517,5056,6344,876,1044
3,SEVERE,4073332,0,earthquake,24108,23364,11421,12293,7912,8252,20893,21441,2891,4222
0,NONE,3179888,1,cyclone,0,0,0,0,0,0,0,0,0,0
1,MINOR,2942050,1,cyclone,1706,2085,812,459,641,534,1780,2358,284,312
4,CATASTROPHIC,4129977,1,cyclone,52106,52403,32750,19817,23409,36221,56203,61824,12416,13460
4,CATASTROPHIC,1033388,1,cyclone,14639,16102,6745,5356,5795,6506,11726,13567,3008,3820
2,MODERATE,4384077,1,cyclone,10846,12427,3728,3843,5937,3082,10944,14787,2165,2785
3,SEVERE,2541083,0,earthquake,14242,14105,6751,7137,4802,5392,13333,12761,2610,2213
1,MINOR,2026199,0,earthquake,1202,1112,610,394,413,213,807,1227,186,202
1,MINOR,2500120,1,cyclone,1507,1866,823,378,667,379,1705,1629,255,279
4,CATASTROPHIC,4065249,1,cyclone,54378,51786,30239,23680,29412,31263,49754,65678,12040,14752
3,SEVERE,1414119,1,cyclone,9220,9771,3991,3491,3080,3750,9843,11261,1229,1386
4,CATASTROPHIC,675899,0,earthquake,5959,6588,5218,5108,3384,3050,7195,6772,1557,2186
2,MODERATE,3415398,1,cyclone,7907,6525,3510,2811,3405,2310,11326,9933,1832,1915
4,CATASTROPHIC,1796641,1,cyclone,24250,25268,12150,10297,10147,14143,20010,26247,5785,6706
3,SEVERE,159472,0,earthquake,789,827,437,439,369,310,850,723,158,154
0,NONE,482870,0,earthquake,0,0,0,0,0,0,0,0,0,0
3,SEVERE,2231737,1,cyclone,14826,14065,6106,5975,5348,7274,13720,16646,2279,3146
4,CATASTROPHIC,3001179,0,earthquake,33307,28871,21606,23132,14141,15516,35250,32776,9260,8801
2,MODERATE,4197739,1,cyclone,12561,13299,3921,3471,5093,3521,11331,12564,1985,2604
1,MINOR,641462,1,cyclone,307,563,202,104,172,118,453,526,64,75
3,SEVERE,1693675,1,cyclone,10252,10254,5042,3380,4142,5062,11170,12039,2214,2308
2,MODERATE,3830371,1,cyclone,9353,9637,3317,3196,4283,3150,10948,13069,1751,2407
0,NONE,3033361,1,cyclone,0,0,0,0,0,0,0,0,0,0
4,CATASTROPHIC,2489799,1,cyclone,36280,32551,16675,14469,12882,15964,33600,35685,6796,9504
3,SEVERE,1502718,1,cyclone,9572,9895,2836,4239,3606,4427,10085,11180,1438,1621
2,MODERATE,294358,0,earthquake,522,627,315,268,215,147,563,562,161,149
2,MODERATE,2160231,1,cyclone,6232,4723,2491,1922,2473,1708,5618,7277,1186,1114
1,MINOR,2740936,0,earthquake,1381,1270,966,605,507,237,1317,1430,280,308
2,MODERATE,3078378,1,cyclone,8265,7421,3018,2723,3675,2424,7748,8284,1520,1904
3,SEVERE,4605681,0,earthquake,25354,20240,12546,15819,9255,9051,23570,20250,4453,4606
1,MINOR,2387807,0,earthquake,1132,1330,862,491,433,215,1211,1227,283,261
1,MINOR,3931895,0,earthquake,2558,2089,1100,768,717,298,2027,2316,329,395
0,NONE,2068535,1,cyclone,0,0,0,0,0,0,0,0,0,0
2,MODERATE,2695563,0,earthquake,5432,5115,2128,3246,2737,1401,5359,4994,1322,1132
4,CATASTROPHIC,4530801,1,cyclone,61970,70958,29445,25386,27742,36491,61427,59537,13988,19579
4,CATASTROPHIC,2164452,1,cyclone,29638,27529,16351,12477,13068,19068,27391,36388,7342,8458
0,NONE,178157,0,earthquake,0,0,0,0,0,0,0,0,0,0
4,CATASTROPHIC,1805148,0,earthquake,16631,19259,11914,11950,8684,8350,18537,18733,5862,5768
1,MINOR,3105003,0,earthquake,1491,1417,848,633,576,356,1546,1785,328,286
1,MINOR,3332791,0,earthquake,1923,1680,1174,803,551,340,1680,1595,349,334
0,NONE,4730654,0,earthquake,0,0,0,0,0,0,0,0,0,0
3,SEVERE,1634461,0,earthquake,8156,8711,5291,5126,2840,3011,7953,6966,1671,1865
1,MINOR,3931792,1,cyclone,2972,2824,1273,716,833,487,2540,2431,380,486
0,NONE,1190283,0,earthquake,0,0,0,0,0,0,0,0,0,0
0,NONE,207500,0,earthquake,0,0,0,0,0,0,0,0,0,0
3,SEVERE,3696458,0,earthquake,17421,19473,12235,10637,8064,7484,18252,18091,3972,3816
1,MINOR,1567043,1,cyclone,1024,1147,481,198,332,252,1106,1273,153,150
0,NONE,2933811,0,earthquake,0,0,0,0,0,0,0,0,0,0
3,SEVERE,1407576,1,cyclone,9034,9868,4315,3227,3310,4377,10101,8492,1355,1725
1,MINOR,628373,1,cyclone,459,399,169,92,134,89,445,543,47,72
3,SEVERE,193691,1,cyclone,1277,1460,719,503,518,551,1129,1461,195,207
3,SEVERE,199542,0,earthquake,1017,920,608,573,481,414,842,1179,186,180
4,CATASTROPHIC,2997493,0,earthquake,33933,30482,21913,19989,15784,17737,27771,34971,9350,8210
1,MINOR,2567592,1,cyclone,1656,1661,659,437,720,351,1754,1660,242,316
2,MODERATE,1900302,0,earthquake,4112,3961,1716,1797,1811,809,3489,3369,910,879
1,MINOR,1921792,0,earthquake,1081,886,592,400,430,176,1065,908,166,206
1,MINOR,1995457,1,cyclone,1371,1345,768,371,402,275,1162,1593,210,252
3,SEVERE,1481257,1,cyclone,9484,8479,4056,4037,3002,5090,10678,10786,1385,1925
2,MODERATE,3262331,1,cyclone,8461,7188,2789,2527,4101,2250,8314,8207,1783,2000
2,MODERATE,3196,0,earthquake,7,6,3,3,3,1,5,6,1,1
4,CATASTROPHIC,2154327,1,cyclone,29151,28493,15947,13508,13503,17232,27525,35523,6087,8018
0,NONE,2233414,1,cyclone,0,0,0,0,0,0,0,0,0,0
2,MODERATE,637031,1,cyclone,1601,2082,619,397,611,479,1757,1982,323,426
4,CATASTROPHIC,3974409,1,cyclone,45955,60465,26791,21526,24262,27190,44208,67781,13666,14564
0,NONE,3783112,1,cyclone,0,0,0,0,0,0,0,0,0,0
3,SEVERE,3403209,1,cyclone,23467,22495,9610,7661,7425,11929,23984,25583,3862,3466
4,CATASTROPHIC,2949908,1,cyclone,36986,35931,25144,14661,19632,18857,40099,43139,8293,10828
0,NONE,3158546,0,earthquake,0,0,0,0,0,0,0,0,0,0
1,MINOR,1960391,0,earthquake,849,952,622,365,426,180,918,877,209,194
2,MODERATE,4786445,1,cyclone,15084,13096,3287,4387,6032,3825,11197,14297,2437,2803
1,MINOR,4812056,0,earthquake,2607,2507,1633,1024,897,541,2611,2252,519,469
3,SEVERE,2214178,0,earthquake,10129,10471,7144,6495,3830,5211,11425,9513,2116,2238
0,NONE,3077195,0,earthquake,0,0,0,0,0,0,0,0,0,0
1,MINOR,4127436,1,cyclone,2938,3567,1318,636,1035,572,2768,3033,409,450
3,SEVERE,1932303,1,cyclone,15021,14135,5844,4654,3531,6228,12728,15113,1794,2229
0,NONE,3522348,1,cyclone,0,0,0,0,0,0,0,0,0,0
0,NONE,1750866,1,cyclone,0,0,0,0,0,0,0,0,0,0
2,MODERATE,3321613,1,cyclone,10190,10099,3237,2835,3818,2518,9017,9548,1546,2236
4,CATASTROPHIC,1741070,0,earthquake,15416,18806,14075,13150,8499,9003,15896,19321,5448,5627
4,CATASTROPHIC,560846,0,earthquake,6015,6418,3687,4232,2604,3397,5375,5969,1710,2120
0,NONE,946301,1,cyclone,0,0,0,0,0,0,0,0,0,0
0,NONE,198017,1,cyclone,0,0,0,0,0,0,0,0,0,0
1,MINOR,2344218,1,cyclone,1450,1456,842,334,563,323,1569,1534,254,338
0,NONE,2459507,0,earthquake,0,0,0,0,0,0,0,0,0,0
1,MINOR,2946878,0,earthquake,1533,1432,894,616,578,291,1441,1616,307,301
1,MINOR,3871018,0,earthquake,2019,1835,1033,680,795,372,2226,1927,356,393
0,NONE,636431,1,cyclone,0,0,0,0,0,0,0,0,0,0
0,NONE,4659014,0,earthquake,0,0,0,0,0,0,0,0,0,0
0,NONE,4198811,0,earthquake,0,0,0,0,0,0,0,0,0,0
2,MODERATE,4918580,1,cyclone,13270,13025,5157,3828,5599,4080,12115,16419,2313,3558
3,SEVERE,2089884,0,earthquake,10287,8376,4657,5031,4057,4068,10797,10243,2152,1995
0,NONE,2708668,1,cyclone,0,0,0,0,0,0,0,0,0,0
3,SEVERE,832230,1,cyclone,5262,5937,2503,1944,1986,2603,5678,6268,883,956
1,MINOR,2760451,0,earthquake,1365,1464,826,540,555,259,1332,1092,302,284
1,MINOR,1954702,1,cyclone,1281,1226,636,325,487,280,1327,1427,206,189
3,SEVERE,3918446,1,cyclone,24364,32152,10853,8836,8982,10327,19845,28710,3971,4677
1,MINOR,4158527,0,earthquake,1911,2472,1196,843,940,420,2095,2208,427,411
0,NONE,2550552,0,earthquake,0,0,0,0,0,0,0,0,0,0
3,SEVERE,213968,1,cyclone,1363,1323,593,558,517,664,1341,1483,206,269
0,NONE,1406427,0,earthquake,0,0,0,0,0,0,0,0,0,0
0,NONE,3682796,0,earthquake,0,0,0,0,0,0,0,0,0,0
3,SEVERE,4526226,1,cyclone,31053,29054,12226,11701,11792,11849,25781,32435,4204,5690
0,NONE,4315596,0,earthquake,0,0,0,0,0,0,0,0,0,0
1,MINOR,2591318,1,cyclone,1496,2031,730,345,615,390,1711,2208,253,307
2,MODERATE,2158714,1,cyclone,4993,6540,2198,1654,2097,1852,4923,6093,1118,1140
1,MINOR,792515,0,earthquake,406,308,263,140,151,85,388,389,71,95
3,SEVERE,3405851,0,earthquake,17332,15064,11977,10421,6147,7286,16555,14835,3535,3526
2,MODERATE,4172060,0,earthquake,7798,8021,3906,4258,4322,1896,9404,7526,1748,2165
4,CATASTROPHIC,4463786,0,earthquake,33908,50853,33347,26558,19018,26051,41346,40914,10356,12921
0,NONE,4561786,1,cyclone,0,0,0,0,0,0,0,0,0,0
3,SEVERE,4495433,0,earthquake,22135,24860,12280,12963,8832,6383,26233,20451,4722,4456
2,MODERATE,4078140,1,cyclone,9655,12017,3722,3036,4936,3825,10784,9091,1908,2614
0,NONE,4016899,0,earthquake,0,0,0,0,0,0,0,0,0,0
0,NONE,549391,1,cyclone,0,0,0,0,0,0,0,0,0,0
4,CATASTROPHIC,1862015,1,cyclone,25134,27056,13929,10030,10686,15976,20392,27240,5665,7109
2,MODERATE,1791825,1,cyclone,5202,5018,1492,1463,2252,1607,4849,4578,766,1210
4,CATASTROPHIC,969738,1,cyclone,11943,14629,6486,5569,5897,7635,11302,16086,2499,3334
3,SEVERE,2694991,0,earthquake,14840,15108,8161,7247,4942,6339,13697,15827,2829,2898
1,MINOR,1588049,0,earthquake,868,696,491,278,308,168,712,838,135,176
2,MODERATE,3869108,0,earthquake,7302,7712,3686,3925,4090,1739,7933,7390,2190,1718
3,SEVERE,4450696,0,earthquake,20193,21754,12647,13470,9798,8964,22614,19900,4391,4262
4,CATASTROPHIC,2814268,1,cyclone,37138,47134,18486,14146,15679,21430,38739,45288,9141,11113
4,CATASTROPHIC,2508894,0,earthquake,25587,24599,18868,18426,11225,11098,24863,25171,8099,7913
4,CATASTROPHIC,2307278,0,earthquake,23860,26534,16271,17807,14584,12226,23186,24739,6668,8574
4,CATASTROPHIC,2195814,1,cyclone,26160,34114,16703,11684,13934,13984,29073,34428,7712,7295
3,SEVERE,4198880,1,cyclone,25765,30260,12676,9583,11065,13410,26327,31444,4084,4716
3,SEVERE,741165,1,cyclone,4516,5247,2321,1636,1845,2010,4757,5223,796,899
2,MODERATE,2165456,0,earthquake,4927,4258,1825,1919,2203,1194,5097,4386,955,1112
3,SEVERE,2819127,1,cyclone,16599,15610,9571,6612,6799,9300,21767,22665,2848,3539
1,MINOR,4848243,1,cyclone,2911,3465,1677,715,1299,836,2894,3107,499,549
4,CATASTROPHIC,2126869,0,earthquake,22237,20808,16007,13675,12061,11381,22811,21045,5479,6944
3,SEVERE,2850310,1,cyclone,20513,19342,10284,6843,5834,7975,18744,22478,2569,3614
0,NONE,3052687,0,earthquake,0,0,0,0,0,0,0,0,0,0
0,NONE,4062118,0,earthquake,0,0,0,0,0,0,0,0,0,0
3,SEVERE,4792030,1,cyclone,31249,31742,12780,12207,8668,13223,33597,32702,4979,5290
4,CATASTROPHIC,563506,1,cyclone,6563,7876,4331,3366,3367,3426,6009,7114,1604,1952
2,MODERATE,2769785,0,earthquake,4722,6105,2419,2390,2794,1519,6677,5862,1603,1217
3,SEVERE,2479129,0,earthquake,12430,11267,7244,9557,4598,5676,12361,13238,2787,2546
2,MODERATE,3699446,0,earthquake,7056,5264,3872,3991,3070,1837,7541,8112,1715,1687
4,CATASTROPHIC,555134,1,cyclone,7153,7608,4234,2922,3731,4528,8537,7752,1893,2109
1,MINOR,735062,0,earthquake,359,333,249,160,138,77,387,391,61,80
0,NONE,3416502,0,earthquake,0,0,0,0,0,0,0,0,0,0
2,MODERATE,116481,1,cyclone,333,348,125,85,118,92,329,405,57,67
2,MODERATE,3163257,0,earthquake,6175,6750,3074,3146,3426,1482,7206,6727,1287,1500
1,MINOR,3459340,0,earthquake,1643,1874,946,718,731,354,1926,2087,349,359
2,MODERATE,1076419,0,earthquake,2359,2395,866,1181,989,584,2138,2159,528,603
4,CATASTROPHIC,1649379,0,earthquake,12422,17408,12637,10827,9020,7455,15405,15215,5418,4084
0,NONE,4312946,1,cyclone,0,0,0,0,0,0,0,0,0,0
0,NONE,2997439,1,cyclone,0,0,0,0,0,0,0,0,0,0
0,NONE,4498907,0,earthquake,0,0,0,0,0,0,0,0,0,0
0,NONE,2028217,1,cyclone,0,0,0,0,0,0,0,0,0,0
3,SEVERE,1975516,1,cyclone,12327,12705,5822,5119,4508,6112,13790,13916,1858,2695
2,MODERATE,1676099,1,cyclone,3805,4898,1961,1336,2010,1454,3934,5896,919,912
3,SEVERE,2728338,1,cyclone,20076,19913,7571,6345,7013,7776,17773,19412,3208,3906
4,CATASTROPHIC,3137877,0,earthquake,34327,26552,20147,25585,15336,17256,29955,31080,11094,9825
2,MODERATE,4928951,0,earthquake,8737,9047,5570,4996,4657,2590,9055,11337,2797,2349
4,CATASTROPHIC,3042398,0,earthquake,23346,29333,20252,20977,14255,17994,31997,28903,9069,10418
3,SEVERE,4478597,0,earthquake,24148,20382,12406,12816,6939,9258,21782,24565,3986,4201
0,NONE,4844405,1,cyclone,0,0,0,0,0,0,0,0,0,0
3,SEVERE,2222854,1,cyclone,13308,17696,6880,4980,5068,6221,13001,15875,2305,2684
2,MODERATE,2569395,0,earthquake,5282,4134,2383,2485,2156,1236,5747,4486,1240,1503
4,CATASTROPHIC,2315138,0,earthquake,22505,23387,18298,15419,12306,12599,21644,21388,6786,6808
4,CATASTROPHIC,2539065,1,cyclone,37316,29932,15927,16056,16133,23880,33233,44562,6202,7848
0,NONE,4955095,0,earthquake,0,0,0,0,0,0,0,0,0,0
1,MINOR,2177890,0,earthquake,1064,1096,684,459,473,195,1031,1035,198,178
2,MODERATE,821929,0,earthquake,1388,1901,882,788,872,428,1462,1641,370,437
4,CATASTROPHIC,2352221,0,earthquake,23193,23808,19203,16068,13193,12325,26858,22726,7547,7014
2,MODERATE,2308436,0,earthquake,4067,4740,2428,2291,2299,1300,4910,4848,1243,1119
4,CATASTROPHIC,3884485,0,earthquake,40299,37256,26198,25823,21456,13881,37645,44846,12256,13129
2,MODERATE,349760,0,earthquake,557,612,367,403,309,168,727,597,184,128
4,CATASTROPHIC,3422578,0,earthquake,32693,36456,25029,23938,18771,14203,34925,31521,11210,10973
2,MODERATE,1681063,0,earthquake,3645,3154,1438,1505,1710,855,3712,3210,820,935
1,MINOR,4525605,0,earthquake,2345,2253,1268,719,938,518,2129,2362,381,473
1,MINOR,4806085,0,earthquake,2233,2610,1438,793,836,464,2696,2188,454,490
2,MODERATE,1337900,0,earthquake,2229,2755,1131,1413,1229,605,2748,2888,694,682
0,NONE,2400057,0,earthquake,0,0,0,0,0,0,0,0,0,0
2,MODERATE,4573483,1,cyclone,12201,13421,4690,4395,5198,3578,11620,10343,2242,2487
3,SEVERE,1829210,1,cyclone,12348,12125,5265,4697,4034,4478,12076,15188,1955,2233
4,CATASTROPHIC,3891386,1,cyclone,49384,57020,28658,19439,25676,32475,44872,53561,13064,13803
2,MODERATE,3662667,1,cyclone,10102,11392,3651,2641,4521,3267,11029,9443,1567,1824
4,CATASTROPHIC,1373368,1,cyclone,16371,18454,9540,8460,8424,11313,19700,21820,3681,5765
3,SEVERE,2591661,0,earthquake,11911,12668,6962,9161,6054,4725,13149,12076,2751,2723
4,CATASTROPHIC,4014398,0,earthquake,43402,41476,36349,25212,16638,19282,33849,34152,10837,10932
2,MODERATE,1861317,0,earthquake,4164,3247,1682,1731,1771,849,3588,3835,992,988
2,MODERATE,2153883,0,earthquake,4583,4952,1886,1787,2153,1065,4609,4543,1073,1189
2,MODERATE,2228553,1,cyclone,4947,5543,2609,1457,2616,1809,7081,6804,1140,1342
1,MINOR,3738163,1,cyclone,2059,2803,1074,640,997,627,2035,2607,393,473
1,MINOR,4159962,0,earthquake,2017,2251,1093,679,1007,492,1675,2072,422,446
1,MINOR,3633803,0,earthquake,1748,1579,1138,622,665,286,1558,1849,291,309
2,MODERATE,1622964,1,cyclone,4180,4557,2103,1402,2451,1216,4089,4345,941,885
2,MODERATE,384533,1,cyclone,1088,905,367,308,433,283,983,1246,152,217
0,NONE,3929301,1,cyclone,0,0,0,0,0,0,0,0,0,0
0,NONE,1589291,0,earthquake,0,0,0,0,0,0,0,0,0,0
2,MODERATE,1323020,0,earthquake,2418,2869,1032,1206,1316,675,3093,3054,555,535
1,MINOR,3957874,1,cyclone,2265,2774,1214,580,890,548,2466,3129,353,444
4,CATASTROPHIC,865144,1,cyclone,11721,11547,5833,4984,4586,6256,10280,11821,2047,3531
4,CATASTROPHIC,4449113,0,earthquake,47753,41270,28336,29877,21287,24039,48036,52966,12685,8879
2,MODERATE,1314530,1,cyclone,3505,3648,1620,1069,1360,875,3417,3771,576,784
4,CATASTROPHIC,2090923,1,cyclone,24691,28050,16967,12093,11388,14561,23881,31606,6919,8754
2,MODERATE,2417741,1,cyclone,7103,7419,1983,2143,2367,1976,6054,7762,1047,1620
0,NONE,4337074,1,cyclone,0,0,0,0,0,0,0,0,0,0
1,MINOR,140689,0,earthquake,71,74,39,27,27,15,62,69,16,15
2,MODERATE,2988793,1,cyclone,8020,9207,3455,1924,3114,2535,7555,8364,1306,1693
0,NONE,3700568,0,earthquake,0,0,0,0,0,0,0,0,0,0
3,SEVERE,3822270,0,earthquake,15263,19710,10949,10370,7621,7564,21171,19285,3557,3950
1,MINOR,1670705,1,cyclone,1058,1196,504,276,379,258,1099,1269,167,244
2,MODERATE,2498544,1,cyclone,5744,7221,2157,1892,3148,1689,7539,8413,1052,1359
3,SEVERE,1270242,1,cyclone,8091,9279,3945,3187,2551,4022,6680,10259,1412,1315
4,CATASTROPHIC,4463593,0,earthquake,41891,47174,35612,35154,22642,25436,43266,38873,15962,14104
0,NONE,1125664,0,earthquake,0,0,0,0,0,0,0,0,0,0
2,MODERATE,3149407,1,cyclone,5736,9621,3585,2795,4555,2590,7748,10618,1481,1905
1,MINOR,3428811,0,earthquake,1857,1791,1167,856,607,331,1768,1634,340,369
2,MODERATE,1697152,0,earthquake,3444,3318,1935,1979,1870,751,3305,3462,768,855
2,MODERATE,4718648,1,cyclone,11067,13428,5338,3416,6263,3385,14419,13639,2161,3025
4,CATASTROPHIC,4306193,1,cyclone,65978,54834,39472,19759,26276,32220,54815,67583,13591,15242
2,MODERATE,2679590,0,earthquake,5579,5641,2706,2015,2236,1307,5090,5362,1276,1545
2,MODERATE,3686207,1,cyclone,10377,11045,3976,3223,4156,2460,7634,10657,1699,2468
4,CATASTROPHIC,115064,0,earthquake,1190,1197,796,769,631,590,1135,1032,398,349
3,SEVERE,407650,0,earthquake,1895,2122,1130,1168,769,867,2079,2058,509,478
2,MODERATE,3461743,0,earthquake,7629,8323,4049,3061,2904,1787,5985,5589,1785,1829
2,MODERATE,3523319,0,earthquake,7146,8225,3832,3264,4220,1874,6896,5622,1518,2061
1,MINOR,1051497,0,earthquake,467,623,292,210,220,110,551,466,110,116
3,SEVERE,4878154,0,earthquake,24782,26006,13113,17104,9995,10465,22858,27528,4752,5013
0,NONE,2020148,1,cyclone,0,0,0,0,0,0,0,0,0,0
1,MINOR,1548496,1,cyclone,1112,1188,497,292,368,247,947,1446,185,186
2,MODERATE,1620706,1,cyclone,4353,3828,1823,1517,1845,983,4538,4534,853,1186
3,SEVERE,3727904,0,earthquake,19534,18115,11003,11975,7263,8103,18314,21834,4356,3604
2,MODERATE,627475,0,earthquake,1150,1209,612,624,630,352,1205,1186,271,306
4,CATASTROPHIC,696084,1,cyclone,8908,9681,4226,4172,4606,4832,8010,9638,2191,2356
3,SEVERE,2700502,0,earthquake,16175,13601,9032,8501,5378,5350,12523,12894,2428,2398
4,CATASTROPHIC,2560390,0,earthquake,22185,27830,20268,18019,13347,14096,23822,31568,8620,8083
4,CATASTROPHIC,58541,0,earthquake,724,667,419,422,291,241,586,656,165,182
1,MINOR,2884112,0,earthquake,1255,1324,979,521,626,228,1651,1258,263,308
1,MINOR,3884036,1,cyclone,2325,2699,1029,527,938,635,2436,2633,357,491
1,MINOR,137837,0,earthquake,72,82,43,29,29,14,75,71,13,12
0,NONE,2922329,1,cyclone,0,0,0,0,0,0,0,0,0,0
3,SEVERE,346990,1,cyclone,2383,2573,1187,866,900,930,2477,2540,370,344
0,NONE,704582,1,cyclone,0,0,0,0,0,0,0,0,0,0
2,MODERATE,2376629,0,earthquake,4790,4237,2091,2283,2308,1120,4814,4471,1218,1126
3,SEVERE,135024,0,earthquake,669,608,411,376,275,223,729,677,164,152
0,NONE,4476952,0,earthquake,0,0,0,0,0,0,0,0,0,0
1,MINOR,4936623,0,earthquake,2779,2971,1521,1007,938,408,2318,2417,541,519
2,MODERATE,4460112,0,earthquake,10069,7929,5069,4434,4471,2429,8437,6990,2387,2307
3,SEVERE,963813,0,earthquake,4645,5119,3130,2454,1931,1488,4759,4639,1011,860
4,CATASTROPHIC,3397477,1,cyclone,43878,43808,21887,19458,21668,25643,44585,48421,9751,11261
0,NONE,3115216,0,earthquake,0,0,0,0,0,0,0,0,0,0
3,SEVERE,855243,1,cyclone,5455,6339,2496,2287,2468,2336,4864,6652,745,892
3,SEVERE,653009,1,cyclone,4230,4334,2231,1773,1869,1968,4747,5048,666,746
4,CATASTROPHIC,4626269,1,cyclone,67254,63411,26003,25625,29553,31179,68157,62986,13211,15547
2,MODERATE,1804473,1,cyclone,4861,4182,1739,1266,2420,1274,4182,5429,844,1243
4,CATASTROPHIC,4090582,1,cyclone,53408,62366,26736,24513,19049,30205,49895,58566,12145,16402
4,CATASTROPHIC,4569883,0,earthquake,47624,49390,32359,32720,22278,19794,44902,42604,12785,15675
2,MODERATE,996114,1,cyclone,2205,2675,1043,865,1255,728,2812,2796,507,642
1,MINOR,2918306,1,cyclone,2005,1828,877,424,680,386,1962,1758,309,350
1,MINOR,810713,0,earthquake,450,425,204,168,179,74,444,433,96,77
4,CATASTROPHIC,4702714,1,cyclone,50440,54205,33058,23311,26293,44180,68409,63940,10769,15203
2,MODERATE,1312128,1,cyclone,3221,3555,1144,1168,1462,1047,3429,4305,640,714
0,NONE,2004358,0,earthquake,0,0,0,0,0,0,0,0,0,0
1,MINOR,1053580,1,cyclone,582,737,291,159,276,170,807,765,98,131
1,MINOR,3786491,1,cyclone,2977,3054,1121,540,974,540,2679,2700,440,430
2,MODERATE,3339748,0,earthquake,7368,5738,3488,3623,3637,1483,6240,7343,1542,1619
2,MODERATE,1200761,1,cyclone,3204,3375,1172,946,1469,846,3397,4059,551,815
4,CATASTROPHIC,3162466,1,cyclone,38176,49491,21474,15521,18648,27129,41791,47496,11040,9755
0,NONE,891307,0,earthquake,0,0,0,0,0,0,0,0,0,0
0,NONE,1901563,0,earthquake,0,0,0,0,0,0,0,0,0,0
4,CATASTROPHIC,232131,1,cyclone,2715,3278,1538,1391,1503,2025,2366,3262,786,718
1,MINOR,3361661,1,cyclone,2178,2018,996,616,930,514,1971,2959,363,366
2,MODERATE,605262,1,cyclone,1764,1636,668,515,850,463,1565,2015,274,347
4,CATASTROPHIC,494496,1,cyclone,5566,6701,3511,2261,2719,3456,5916,7559,1459,1681
0,NONE,127319,1,cyclone,0,0,0,0,0,0,0,0,0,0
4,CATASTROPHIC,4862347,1,cyclone,68152,72566,34276,28457,30547,35141,59781,84143,10956,16206
1,MINOR,3671013,0,earthquake,1953,1785,1125,673,785,364,1784,1769,364,350
4,CATASTROPHIC,3286996,0,earthquake,38106,37686,20957,23169,15365,15898,39451,31858,10216,10394
0,NONE,4999004,1,cyclone,0,0,0,0,0,0,0,0,0,0
3,SEVERE,472650,1,cyclone,3336,3519,1512,1215,1286,1307,2704,3676,423,495
1,MINOR,3655694,0,earthquake,1947,1915,839,684,846,312,1866,1644,339,435
0,NONE,3399029,1,cyclone,0,0,0,0,0,0,0,0,0,0
0,NONE,4310500,0,earthquake,0,0,0,0,0,0,0,0,0,0
3,SEVERE,1094096,1,cyclone,6745,7650,2882,3105,2107,3834,7178,8549,1075,1316
2,MODERATE,516456,0,earthquake,1063,1112,531,554,555,250,1087,852,248,245
1,MINOR,493406,1,cyclone,287,342,144,78,127,76,331,394,54,41
3,SEVERE,2436385,1,cyclone,18204,16569,5867,6015,5003,7634,16488,16552,2709,3159
1,MINOR,185846,0,earthquake,90,86,56,33,41,22,96,90,20,20
0,NONE,3150097,1,cyclone,0,0,0,0,0,0,0,0,0,0
0,NONE,740176,1,cyclone,0,0,0,0,0,0,0,0,0,0
1,MINOR,4230384,1,cyclone,2835,3016,1158,808,996,625,2467,3120,521,494
3,SEVERE,3930157,1,cyclone,25082,26384,12347,9204,9119,12898,25368,33052,3894,4094
3,SEVERE,2834503,1,cyclone,15768,18965,8768,6661,6937,9553,17470,26233,3048,3334
0,NONE,2053171,0,earthquake,0,0,0,0,0,0,0,0,0,0
1,MINOR,3287023,0,earthquake,1375,1685,954,706,654,320,1972,1680,326,300
3,SEVERE,2738356,0,earthquake,12707,14557,8318,6916,5185,4986,12448,13039,2906,2566
4,CATASTROPHIC,1927124,1,cyclone,25511,24304,13631,10954,9824,15892,22844,29167,6454,7579
4,CATASTROPHIC,2713260,1,cyclone,35393,36608,20792,16219,15272,18731,27962,41325,8072,10877
3,SEVERE,2326316,1,cyclone,14066,18137,6609,6017,4768,7143,12119,16981,2428,2646
4,CATASTROPHIC,4975912,1,cyclone,63390,73054,35624,29476,30981,36376,61220,70238,13546,15974
0,NONE,2434092,0,earthquake,0,0,0,0,0,0,0,0,0,0
4,CATASTROPHIC,4673024,1,cyclone,49043,55728,34882,25657,27554,31763,62205,64431,14121,14873
2,MODERATE,816460,0,earthquake,1603,1963,781,805,799,415,1709,1674,419,400
1,MINOR,2885201,0,earthquake,1529,1420,1001,456,654,278,1372,1218,301,235
1,MINOR,4835805,1,cyclone,2883,3439,1323,813,1080,782,2573,3262,429,592
1,MINOR,3355455,0,earthquake,1592,1208,1010,723,850,321,1566,1731,326,378
2,MODERATE,4408421,1,cyclone,10535,12036,4794,3635,5904,3161,12909,11024,1846,2983
0,NONE,1048581,0,earthquake,0,0,0,0,0,0,0,0,0,0
3,SEVERE,2826207,0,earthquake,14283,15541,9024,10239,6899,5697,8709,15878,2673,2599
2,MODERATE,1519546,0,earthquake,3225,2565,1355,1571,1614,808,2799,2741,721,777
3,SEVERE,3041370,1,cyclone,19332,18452,7616,8005,7696,9534,21589,21716,2909,4447
1,MINOR,4459895,1,cyclone,2551,2501,1373,692,1089,711,2621,3200,405,488
0,NONE,4390741,1,cyclone,0,0,0,0,0,0,0,0,0,0
4,CATASTROPHIC,4126564,0,earthquake,41328,39760,29848,29312,20448,19341,45673,42859,11097,13182
2,MODERATE,816473,0,earthquake,1630,1296,747,885,752,401,1492,1670,424,425
4,CATASTROPHIC,2323729,1,cyclone,34971,34967,16417,10500,13594,20297,34191,36464,6469,8409
0,NONE,395991,0,earthquake,0,0,0,0,0,0,0,0,0,0
0,NONE,3687193,1,cyclone,0,0,0,0,0,0,0,0,0,0
1,MINOR,4955247,1,cyclone,2628,3196,1506,724,1074,739,3687,3970,509,605
2,MODERATE,2503934,0,earthquake,4955,6191,2373,2185,2061,1552,5182,4572,1228,1168
1,MINOR,2114336,1,cyclone,1118,1596,636,362,507,321,1067,1729,188,232
1,MINOR,3722490,1,cyclone,2278,2435,1074,494,976,580,2210,2629,403,435
1,MINOR,4731792,1,cyclone,2463,3422,1366,781,1201,800,2612,3351,493,611
3,SEVERE,1200413,1,cyclone,7499,8535,3092,2970,2838,3744,8229,8799,1259,1427
4,CATASTROPHIC,996270,0,earthquake,10143,9860,7877,7256,4323,4746,9734,9961,3041,2706
3,SEVERE,1836294,1,cyclone,13230,11574,5499,4105,5228,6201,9975,12675,1996,2304
0,NONE,2515048,1,cyclone,0,0,0,0,0,0,0,0,0,0
3,SEVERE,1739886,1,cyclone,11500,10575,5714,3789,4394,5643,11416,15341,1633,2437
1,MINOR,4936951,1,cyclone,3023,3557,1471,797,1119,702,3301,4052,464,540
0,NONE,2072551,1,cyclone,0,0,0,0,0,0,0,0,0,0
3,SEVERE,3326425,1,cyclone,18964,22797,11745,8980,9612,10457,21931,22457,3416,3939
1,MINOR,1673783,1,cyclone,1136,1154,408,297,396,260,1163,1197,176,185
0,NONE,1880352,1,cyclone,0,0,0,0,0,0,0,0,0,0
4,CATASTROPHIC,2025321,1,cyclone,19482,32408,15592,11580,11976,16835,26217,29533,6767,8817
4,CATASTROPHIC,2233232,1,cyclone,27247,31259,14307,11408,12278,17283,29030,33674,6482,8480
4,CATASTROPHIC,3739919,1,cyclone,45700,55466,26187,22167,22973,29394,46517,57398,10179,15198
0,NONE,4490812,1,cyclone,0,0,0,0,0,0,0,0,0,0
2,MODERATE,4025481,0,earthquake,7340,6889,4218,4582,4535,2155,8565,9417,2079,2142
3,SEVERE,1952361,1,cyclone,12360,12256,5915,5697,4189,5548,12763,15435,1564,2648
3,SEVERE,4689825,1,cyclone,33823,32549,13085,10813,11556,15596,30488,32804,5367,4820
4,CATASTROPHIC,677578,0,earthquake,6287,7054,4937,5319,3338,3525,6786,6107,1574,2120
1,MINOR,1680913,1,cyclone,1186,1280,538,255,422,249,1079,1159,132,226
3,SEVERE,251442,0,earthquake,1100,1342,685,819,529,456,1248,1411,203,259
1,MINOR,4700671,1,cyclone,2938,3039,1774,783,1197,785,2621,4143,352,520
4,CATASTROPHIC,1419702,0,earthquake,16089,13787,8923,9088,7574,8700,13453,17247,4254,4139
3,SEVERE,2101794,0,earthquake,12302,8654,5529,5963,4053,4819,10560,10306,1834,2330
1,MINOR,2023106,0,earthquake,1063,949,705,373,450,206,1037,812,157,197
1,MINOR,3133105,1,cyclone,2089,2087,910,450,665,456,2271,2106,339,345
4,CATASTROPHIC,4542429,0,earthquake,50630,51210,35148,32897,25190,22580,48246,44494,12187,14805
2,MODERATE,456082,0,earthquake,934,775,447,441,444,249,1015,902,196,230
1,MINOR,3715222,1,cyclone,2449,2499,1136,570,811,553,2391,3308,341,438
4,CATASTROPHIC,4650325,1,cyclone,61941,64178,33825,29809,29221,35637,55149,79631,11988,13885
0,NONE,2442716,1,cyclone,0,0,0,0,0,0,0,0,0,0
4,CATASTROPHIC,3443214,1,cyclone,40256,44697,19158,20724,23556,25133,44891,50120,9482,13269
3,SEVERE,1897678,1,cyclone,9385,13453,4975,3397,4394,5829,13252,15743,2063,2482
2,MODERATE,276786,1,cyclone,783,816,293,213,310,233,683,854,140,190
1,MINOR,4273487,0,earthquake,2533,1757,1490,870,991,410,2023,1877,460,449
0,NONE,2906809,1,cyclone,0,0,0,0,0,0,0,0,0,0
1,MINOR,4056150,1,cyclone,2365,2938,1291,685,1022,565,2233,2923,359,507
4,CATASTROPHIC,3179249,0,earthquake,34571,32341,22252,21563,17454,12986,27957,37600,8340,10044
3,SEVERE,461833,1,cyclone,3027,3454,1428,1115,1078,1396,3147,3556,479,628
2,MODERATE,3514734,1,cyclone,8015,10775,3951,3266,4048,2510,8277,10869,1886,2000
2,MODERATE,1869060,1,cyclone,4918,4229,2084,1560,2237,1376,4598,5414,1006,1063
4,CATASTROPHIC,2991002,0,earthquake,35500,27653,17450,16745,14729,13963,30531,30306,7534,7344
4,CATASTROPHIC,765127,0,earthquake,6450,7019,5887,5606,3645,3848,6063,6005,2749,2411
2,MODERATE,255549,0,earthquake,421,561,226,273,258,127,444,445,132,128
0,NONE,2380020,0,earthquake,0,0,0,0,0,0,0,0,0,0
3,SEVERE,1594522,0,earthquake,7427,7605,4846,4375,2848,2877,8936,8289,1468,1733
2,MODERATE,3725613,1,cyclone,9956,11285,3536,3018,3873,2947,9632,12198,1959,2144
4,CATASTROPHIC,4448232,0,earthquake,46164,40713,30099,26715,22734,19165,46428,41143,9152,14403
1,MINOR,1732968,1,cyclone,1224,1361,537,252,437,269,1014,1349,163,223
4,CATASTROPHIC,2610320,1,cyclone,27780,38872,18790,14246,13100,16533,32581,34750,7569,10248
0,NONE,829722,0,earthquake,0,0,0,0,0,0,0,0,0,0
2,MODERATE,2138030,1,cyclone,5729,5955,2271,1672,2486,1823,5504,6944,1044,1496
3,SEVERE,564267,1,cyclone,4226,3774,1963,1475,1333,1385,3660,4275,630,784
3,SEVERE,2587033,0,earthquake,12448,10749,8690,7551,5069,6370,14176,12070,2429,2654
2,MODERATE,1894728,0,earthquake,3180,4064,2062,1745,1826,792,3599,3877,1098,1107
2,MODERATE,3382172,0,earthquake,5445,6368,3280,3467,3418,1752,6640,7413,1808,1642
2,MODERATE,371698,0,earthquake,720,633,419,369,364,202,774,659,184,179
3,SEVERE,4335807,1,cyclone,27691,25631,11553,10604,8449,13774,23909,30115,4421,5446
4,CATASTROPHIC,3544886,1,cyclone,48186,47806,22589,20989,24442,28513,50336,50404,8935,14663
4,CATASTROPHIC,2529610,1,cyclone,31780,31325,15820,11780,15014,22018,32419,39091,8632,8738
1,MINOR,657739,1,cyclone,421,433,211,101,139,111,479,500,57,69
2,MODERATE,2497537,1,cyclone,6272,7707,2680,2273,2700,1808,6986,7828,1440,1561
2,MODERATE,1920695,1,cyclone,5916,5668,2124,1486,2308,1571,5799,6182,952,1311
0,NONE,3501939,1,cyclone,0,0,0,0,0,0,0,0,0,0
3,SEVERE,2058591,0,earthquake,9022,9007,6814,5112,4159,4082,10387,11717,1888,2343
3,SEVERE,1031810,1,cyclone,6982,6519,3171,2616,2465,3105,7004,7521,1123,1407
3,SEVERE,4833933,0,earthquake,24360,26887,15311,14551,9446,7727,25585,25874,4499,4609
4,CATASTROPHIC,1183759,0,earthquake,11268,13258,7788,9254,6396,5783,10968,11064,3314,3929
1,MINOR,1461215,0,earthquake,794,689,498,348,241,141,558,607,122,155
2,MODERATE,4329149,0,earthquake,9036,9352,4592,4539,4377,2136,9541,8668,2278,1660
0,NONE,3917563,1,cyclone,0,0,0,0,0,0,0,0,0,0
1,MINOR,3105381,0,earthquake,1589,1568,961,652,545,300,1583,1402,289,303
1,MINOR,2018265,0,earthquake,830,1011,602,430,406,199,1127,876,212,168
3,SEVERE,1178393,1,cyclone,7017,7248,3811,2809,2824,3143,7430,8163,1223,1273
3,SEVERE,2832003,1,cyclone,18219,19466,10525,7778,5810,7877,16764,22029,3277,3435
3,SEVERE,4419035,0,earthquake,22636,24912,12447,12741,6544,8755,23376,22725,4143,4792
3,SEVERE,4998071,0,earthquake,22461,22038,12278,14119,10083,8988,26067,26619,4760,4328
0,NONE,1960783,1,cyclone,0,0,0,0,0,0,0,0,0,0
3,SEVERE,2899792,0,earthquake,13397,13469,8812,7774,6043,6290,15273,11934,3188,3171
0,NONE,4017380,1,cyclone,0,0,0,0,0,0,0,0,0,0
2,MODERATE,999529,1,cyclone,2524,2519,953,711,1145,719,2623,2514,427,621
3,SEVERE,624559,1,cyclone,3999,3996,2028,1525,1576,1775,3909,4435,655,724
1,MINOR,1841041,1,cyclone,1200,1291,500,296,503,288,1200,1358,190,237
2,MODERATE,2823251,0,earthquake,5323,6192,2930,3259,2847,1265,6311,5320,1453,1437
0,NONE,1819073,1,cyclone,0,0,0,0,0,0,0,0,0,0
1,MINOR,221099,0,earthquake,103,105,64,46,39,21,109,116,24,25
2,MODERATE,3832511,0,earthquake,6042,7657,3687,3764,3952,2039,8957,7136,2064,2052
4,CATASTROPHIC,1409399,1,cyclone,20307,19220,10457,8166,7641,10889,15503,21989,4604,5642
4,CATASTROPHIC,3355672,1,cyclone,43499,45095,25315,16781,18559,25472,42018,44754,10602,11389
1,MINOR,4271061,1,cyclone,2676,2836,1216,751,1062,531,3021,3368,446,558
3,SEVERE,3249950,1,cyclone,21668,20364,9873,7933,6050,11056,19034,29469,3508,3460
0,NONE,4060097,1,cyclone,0,0,0,0,0,0,0,0,0,0
1,MINOR,2898444,1,cyclone,1812,2179,854,483,652,444,2030,2014,312,349
1,MINOR,2885089,1,cyclone,1946,2011,857,473,729,378,2144,1761,268,342
3,SEVERE,3720257,1,cyclone,27774,23607,12224,8311,8240,11906,25483,24706,4254,4372
2,MODERATE,4453293,1,cyclone,10301,13385,4582,3275,5848,3358,11666,15733,1868,2238
3,SEVERE,3580697,0,earthquake,18968,18055,11136,12208,7578,7303,14601,16500,3435,2872
2,MODERATE,3384754,0,earthquake,7432,6600,3455,2928,4010,1893,6633,6495,1866,2027
1,MINOR,2583092,1,cyclone,1801,2049,719,459,658,403,1461,1695,236,299
1,MINOR,4016384,1,cyclone,2442,3082,1259,681,903,498,2605,3007,363,526
0,NONE,625329,0,earthquake,0,0,0,0,0,0,0,0,0,0
3,SEVERE,4908394,0,earthquake,21192,25441,15515,16499,8747,9089,25681,27546,5002,4477
3,SEVERE,1132113,1,cyclone,7281,6891,3328,2734,2596,2864,6523,8457,1237,1587
0,NONE,4594641,1,cyclone,0,0,0,0,0,0,0,0,0,0
1,MINOR,4036454,1,cyclone,2933,2382,1164,672,785,525,2986,3045,451,493
2,MODERATE,1424820,1,cyclone,4174,3891,1454,1213,1847,1064,3705,4489,748,767
4,CATASTROPHIC,4523088,0,earthquake,46248,46681,28570,34529,23548,27886,45113,50369,14300,16176
0,NONE,2262353,0,earthquake,0,0,0,0,0,0,0,0,0,0
3,SEVERE,1397581,1,cyclone,8815,10475,4124,3280,3363,4225,9714,11215,1596,1705
3,SEVERE,1311958,0,earthquake,7512,6238,4009,3829,2517,2594,7403,5517,1180,1471
0,NONE,4720710,1,cyclone,0,0,0,0,0,0,0,0,0,0
0,NONE,778873,0,earthquake,0,0,0,0,0,0,0,0,0,0
2,MODERATE,1094526,1,cyclone,2857,2518,1179,1005,1167,931,3167,2908,525,565
4,CATASTROPHIC,2114564,0,earthquake,21007,22093,12847,15373,11248,11263,22106,18547,6266,6567
3,SEVERE,3260416,0,earthquake,19022,15015,10734,9367,6647,6157,16070,16646,3453,3280
3,SEVERE,4293633,0,earthquake,24624,21285,14811,12726,7237,8215,20269,20975,3784,4289
0,NONE,2872040,0,earthquake,0,0,0,0,0,0,0,0,0,0
0,NONE,705051,1,cyclone,0,0,0,0,0,0,0,0,0,0
4,CATASTROPHIC,3069474,0,earthquake,25891,28850,23253,22206,15624,13879,28881,34516,9160,9554
0,NONE,4823260,1,cyclone,0,0,0,0,0,0,0,0,0,0
1,MINOR,1338245,0,earthquake,694,744,396,273,270,133,596,743,137,139
3,SEVERE,1950908,1,cyclone,11658,13029,5749,3963,3891,5501,13343,13676,1752,2150
0,NONE,2307846,1,cyclone,0,0,0,0,0,0,0,0,0,0
1,MINOR,3301777,1,cyclone,2139,2233,996,507,890,496,1767,2678,393,402
1,MINOR,2622739,1,cyclone,1861,1567,790,475,568,437,1887,1723,271,319
2,MODERATE,2205349,0,earthquake,4334,4079,1894,2034,1995,949,4776,4535,1051,874
2,MODERATE,4676195,0,earthquake,8664,8276,4618,4832,3740,2654,8184,8956,2614,2367
3,SEVERE,2382508,0,earthquake,13218,13763,6104,7792,5396,4585,11559,9633,2568,1778
4,CATASTROPHIC,962217,0,earthquake,10960,10003,7415,6188,4169,3962,10672,10260,3088,2970
4,CATASTROPHIC,971120,0,earthquake,10070,8879,6564,8866,4874,3898,9314,8684,2959,2654
1,MINOR,809138,0,earthquake,395,374,247,151,167,96,357,433,61,79
1,MINOR,2389905,1,cyclone,1275,1666,826,376,605,398,1937,1603,216,278
0,NONE,4449074,0,earthquake,0,0,0,0,0,0,0,0,0,0
0,NONE,1365435,1,cyclone,0,0,0,0,0,0,0,0,0,0
3,SEVERE,3494627,0,earthquake,15878,18698,11370,11116,8048,6610,20398,15898,3140,2879
1,MINOR,4071889,0,earthquake,2143,2085,1075,782,784,334,1836,1879,465,414
2,MODERATE,489922,1,cyclone,1251,1512,526,394,584,322,1336,1272,194,323
3,SEVERE,4249341,1,cyclone,25344,32763,13744,11053,11039,11580,25953,36518,4295,4349
3,SEVERE,1560341,1,cyclone,11550,11632,5006,3400,4421,4940,9804,11106,1511,1681
3,SEVERE,1058162,0,earthquake,4388,5246,3435,3474,2223,2001,4244,5028,1025,1025
1,MINOR,4585678,0,earthquake,2098,2304,1426,1018,917,435,2160,2374,427,407
2,MODERATE,3056151,0,earthquake,7243,6476,3551,3204,3522,1584,6556,4808,1388,1533
3,SEVERE,3445632,0,earthquake,18930,18019,11285,10016,6438,6148,17846,15436,4082,2995
3,SEVERE,3354967,0,earthquake,17779,17069,9090,8674,7226,7720,16038,14864,2530,3025
1,MINOR,2585412,1,cyclone,1661,2099,827,426,595,365,1916,1977,204,289
4,CATASTROPHIC,2270256,1,cyclone,31174,31442,15769,14383,12672,20201,27532,34357,6619,8273
2,MODERATE,3217623,0,earthquake,6297,5132,2706,3449,2690,1729,6515,6325,1595,1691
2,MODERATE,200073,1,cyclone,452,589,215,152,249,143,475,613,88,142
3,SEVERE,1597506,1,cyclone,10198,12024,4497,3517,3920,5328,9169,11801,1320,1841
0,NONE,2131723,1,cyclone,0,0,0,0,0,0,0,0,0,0
1,MINOR,1125269,0,earthquake,564,594,355,169,210,125,581,493,126,123
0,NONE,786360,0,earthquake,0,0,0,0,0,0,0,0,0,0
0,NONE,1285406,1,cyclone,0,0,0,0,0,0,0,0,0,0
1,MINOR,2664056,1,cyclone,1782,1904,838,428,639,447,1994,1696,266,297
4,CATASTROPHIC,2451957,0,earthquake,26161,24244,13879,15507,13358,8900,27431,25797,8324,7209
3,SEVERE,2533553,0,earthquake,14282,13839,7096,7666,4797,4651,13878,11150,2307,2253
4,CATASTROPHIC,824353,1,cyclone,9323,11903,5542,4656,4769,5735,9625,12178,2561,2788
3,SEVERE,2314341,0,earthquake,12049,11523,6309,7199,5312,5530,13187,12547,2409,2071
3,SEVERE,1886338,0,earthquake,8667,9981,5145,5673,3686,4005,9418,9246,1734,1892
2,MODERATE,2715680,1,cyclone,8954,7101,3061,2283,3091,2143,7396,7876,1415,1818
0,NONE,4663438,1,cyclone,0,0,0,0,0,0,0,0,0,0
2,MODERATE,4110891,1,cyclone,10104,10911,3761,2936,4414,2512,11144,14784,2477,2256
0,NONE,1593603,0,earthquake,0,0,0,0,0,0,0,0,0,0
2,MODERATE,4703157,1,cyclone,12349,12480,4436,4067,5274,3850,13723,11755,2617,3403
3,SEVERE,3559559,0,earthquake,18192,14713,10372,10143,6351,7719,15797,16867,3872,3363
2,MODERATE,469596,1,cyclone,1120,1528,444,333,538,281,1141,1272,249,262
4,CATASTROPHIC,798377,0,earthquake,8607,7811,5667,4736,3938,3648,8538,10037,2514,1918
2,MODERATE,3458870,0,earthquake,7226,6350,3460,3764,3088,1651,6718,7608,1927,1398
1,MINOR,3917557,1,cyclone,2349,2680,1214,591,953,621,2791,3170,385,463
3,SEVERE,878606,1,cyclone,5110,6804,2440,2246,2399,2688,6218,6642,889,987
1,MINOR,3736029,0,earthquake,1494,1649,1070,787,813,403,1552,1742,339,371
0,NONE,1181424,1,cyclone,0,0,0,0,0,0,0,0,0,0
4,CATASTROPHIC,3971792,0,earthquake,36223,40431,27826,22386,20337,16792,42241,35005,12537,11403
3,SEVERE,2507913,1,cyclone,13902,17433,8112,6646,5740,7285,13869,17397,2116,3141
1,MINOR,4028054,1,cyclone,2595,2655,1267,657,1041,540,2529,2952,421,445
4,CATASTROPHIC,1754234,0,earthquake,15807,16681,11626,15512,8394,10242,15320,15806,4901,4817
3,SEVERE,99830,1,cyclone,643,666,283,227,215,274,585,791,102,120
3,SEVERE,2784983,1,cyclone,18759,17206,7524,7454,7954,8683,20105,20373,2412,3546
4,CATASTROPHIC,3887239,1,cyclone,50792,52370,26231,25268,22020,29668,53956,59770,12926,13453
1,MINOR,4502036,1,cyclone,2491,3178,1519,730,1247,765,3153,3401,451,581
4,CATASTROPHIC,4776059,1,cyclone,58972,69023,32460,26217,25697,35161,72346,68443,12684,18841
2,MODERATE,4719704,1,cyclone,14707,12347,4715,3529,5083,3114,12397,11369,2302,3131
1,MINOR,3888439,1,cyclone,2301,2290,1288,594,925,571,2697,3453,445,357
0,NONE,4420047,1,cyclone,0,0,0,0,0,0,0,0,0,0
4,CATASTROPHIC,863996,1,cyclone,11630,12571,6758,4800,4779,7912,12249,13157,2613,3200
4,CATASTROPHIC,2531617,1,cyclone,30897,36258,13720,14041,16721,21455,30335,43155,8512,7156
3,SEVERE,1142252,1,cyclone,7568,6965,3215,2734,2409,3916,6145,8379,1287,1189
3,SEVERE,4417714,0,earthquake,22397,23105,14155,14552,8912,10405,21612,26249,3919,3982
4,CATASTROPHIC,1854529,0,earthquake,19962,19273,12224,14445,8585,10066,17204,17959,5473,5751
4,CATASTROPHIC,4937172,1,cyclone,61144,60418,28037,27435,28015,42126,58691,79022,15775,20150
1,MINOR,247117,0,earthquake,118,129,77,56,55,24,139,114,27,29
1,MINOR,1323659,1,cyclone,850,903,299,252,320,150,881,972,114,163
2,MODERATE,1842653,0,earthquake,3337,3388,1968,1841,2203,858,3965,3827,913,881
1,MINOR,1777639,0,earthquake,906,926,535,297,358,172,1061,945,181,185
3,SEVERE,3485393,1,cyclone,18998,30323,10324,8551,7859,8815,21457,25184,3549,4651
3,SEVERE,4978674,1,cyclone,28994,34087,15386,11639,10082,12781,33076,39504,5147,6335
0,NONE,41410,1,cyclone,0,0,0,0,0,0,0,0,0,0
3,SEVERE,761752,0,earthquake,3476,4238,2596,2269,1757,1411,3233,4109,860,859
3,SEVERE,1012986,1,cyclone,6917,7077,2763,2540,2356,2923,6079,8357,935,1122
3,SEVERE,2009885,0,earthquake,9931,11087,6821,4746,3968,3452,9660,10042,1938,1803
2,MODERATE,3243389,1,cyclone,9018,8769,3580,2373,4394,2464,8014,9420,1783,1992
1,MINOR,924399,1,cyclone,676,728,289,157,269,125,608,829,112,106
2,MODERATE,2051283,1,cyclone,5063,5111,2049,1293,2471,1540,5695,5167,1245,1446
3,SEVERE,3560249,1,cyclone,25125,23826,10032,8090,10959,12133,22672,26390,3861,4615
0,NONE,609026,1,cyclone,0,0,0,0,0,0,0,0,0,0
1,MINOR,4111735,1,cyclone,2660,3296,1286,586,890,571,2939,3354,269,489
1,MINOR,3533654,1,cyclone,2040,2404,1020,581,801,498,2626,2725,333,413
1,MINOR,1203888,1,cyclone,760,929,362,167,248,173,847,1029,101,149
0,NONE,1788204,1,cyclone,0,0,0,0,0,0,0,0,0,0
2,MODERATE,726272,0,earthquake,1499,1261,798,687,715,314,1450,1404,361,416
4,CATASTROPHIC,315111,1,cyclone,4363,3383,2141,1848,1739,2155,3790,4581,852,1209
2,MODERATE,3618789,1,cyclone,8599,9082,3474,3323,4570,2873,9678,9828,1693,1995
1,MINOR,4748065,0,earthquake,2396,2265,1549,925,892,390,1957,2425,471,516
2,MODERATE,2501469,0,earthquake,4245,5277,2480,2074,2292,1292,4731,4654,1241,1293
1,MINOR,967035,0,earthquake,368,448,302,177,201,97,476,544,90,100
2,MODERATE,4326943,0,earthquake,7748,8473,4150,5127,3822,2185,8868,7727,2312,2077
0,NONE,3804130,1,cyclone,0,0,0,0,0,0,0,0,0,0
3,SEVERE,4646586,0,earthquake,21622,25616,15115,14380,8670,9152,18229,23754,4809,4708
3,SEVERE,3291890,1,cyclone,25896,23256,10560,8642,7786,8729,17976,23732,3668,4319
3,SEVERE,912737,1,cyclone,6408,7430,2641,2071,2288,3062,5967,7699,975,1073
2,MODERATE,2840999,1,cyclone,7802,7608,2908,2028,3385,2343,7953,9052,1461,1731
2,MODERATE,1572464,0,earthquake,3202,2791,1297,1749,1580,802,3319,2836,754,904
1,MINOR,1467962,0,earthquake,698,714,410,271,326,110,700,750,171,130
1,MINOR,2734711,0,earthquake,1533,1285,825,567,465,265,1547,1516,265,293
3,SEVERE,177297,0,earthquake,784,1031,507,537,342,362,809,866,180,199
0,NONE,4043910,0,earthquake,0,0,0,0,0,0,0,0,0,0
1,MINOR,3459633,0,earthquake,1878,1841,1129,766,641,335,2039,2029,343,366
1,MINOR,4633005,1,cyclone,2748,2818,1448,638,1257,607,2957,3168,464,557
1,MINOR,2835512,1,cyclone,2173,1679,843,457,678,411,2140,1677,295,356
2,MODERATE,1724931,0,earthquake,3548,3163,1932,1924,1575,759,2969,3527,866,831
4,CATASTROPHIC,1161341,0,earthquake,11869,11563,5733,9433,6091,5998,11541,11803,3275,3698
4,CATASTROPHIC,689963,0,earthquake,7287,6762,5008,4350,3116,3531,7367,5606,2177,1957
2,MODERATE,4684377,1,cyclone,13206,11883,4244,3815,5747,3986,11242,13522,3006,2306
4,CATASTROPHIC,2153947,1,cyclone,30971,32867,13542,10752,12017,17731,23587,33584,6696,8655
3,SEVERE,2398487,1,cyclone,15349,16940,6259,5680,6301,5117,15149,14998,2390,2445
0,NONE,3299280,1,cyclone,0,0,0,0,0,0,0,0,0,0
1,MINOR,2125786,0,earthquake,1304,1082,556,466,420,210,1157,1098,187,205
3,SEVERE,1968062,0,earthquake,10098,10758,5690,6009,2607,3759,10592,9456,1876,1763
3,SEVERE,4833699,0,earthquake,26593,25494,15698,11997,9512,9396,23490,22679,4666,5244
3,SEVERE,2624983,0,earthquake,8958,12708,7470,8080,5904,6064,13449,11088,2490,2518
3,SEVERE,4607741,1,cyclone,31439,33851,12964,13394,10743,15146,28527,32303,5484,5469
3,SEVERE,1720442,0,earthquake,8824,9443,5736,5741,3087,3845,10200,9886,1533,1490
0,NONE,2974633,1,cyclone,0,0,0,0,0,0,0,0,0,0
1,MINOR,682622,1,cyclone,501,474,209,108,184,99,500,506,62,87
2,MODERATE,4165638,0,earthquake,7774,6581,4132,4027,4431,2194,9222,9253,2740,2189
2,MODERATE,4537079,1,cyclone,12898,12912,5179,4000,5122,4070,11260,13883,2354,2855
3,SEVERE,1951330,0,earthquake,10451,10323,5854,5742,3587,4090,9112,9988,1931,1690
4,CATASTROPHIC,1084495,1,cyclone,14829,16940,7849,6518,6674,9180,16598,16592,3304,4029
1,MINOR,4005132,0,earthquake,2212,1922,1146,872,879,493,2246,2168,439,394
2,MODERATE,2755077,1,cyclone,7320,7741,2555,1724,2977,1952,6986,7331,1309,1466
1,MINOR,902997,1,cyclone,544,615,279,143,233,130,623,753,92,108
2,MODERATE,4887163,0,earthquake,10179,10076,5376,5275,5280,2454,10107,10089,2148,2704
0,NONE,3532645,0,earthquake,0,0,0,0,0,0,0,0,0,0
3,SEVERE,1931823,0,earthquake,9849,9700,6209,5064,4101,3746,8374,10069,1843,1619
0,NONE,2612902,1,cyclone,0,0,0,0,0,0,0,0,0,0
0,NONE,1493518,0,earthquake,0,0,0,0,0,0,0,0,0,0
0,NONE,140017,0,earthquake,0,0,0,0,0,0,0,0,0,0
1,MINOR,2276583,1,cyclone,1566,1602,715,363,468,292,1449,1680,247,293
1,MINOR,4276808,0,earthquake,2213,2205,1370,872,824,433,2351,2762,406,437
1,MINOR,3105038,0,earthquake,1422,1445,942,571,618,303,1527,1441,290,276
3,SEVERE,740079,1,cyclone,4439,5968,2150,2047,1662,1770,5003,5688,742,831
0,NONE,386804,1,cyclone,0,0,0,0,0,0,0,0,0,0
3,SEVERE,1419330,0,earthquake,8419,6870,4058,4988,2945,2567,7545,7984,1216,1485
4,CATASTROPHIC,3744541,0,earthquake,38309,39803,25641,21541,17896,20463,44910,38502,10462,11835
2,MODERATE,4762627,1,cyclone,12815,12668,4546,4059,5692,2645,14949,14906,2368,2652
0,NONE,186589,1,cyclone,0,0,0,0,0,0,0,0,0,0
1,MINOR,2224013,0,earthquake,1232,1086,713,451,461,239,985,1181,217,201
2,MODERATE,4788664,1,cyclone,12920,9771,5136,4823,5741,3496,11876,15164,2321,3059
2,MODERATE,2990139,0,earthquake,6484,5810,3383,2120,2624,1358,5490,6181,1538,1553
4,CATASTROPHIC,3449428,1,cyclone,37473,48697,23157,20862,22376,23746,48824,50243,10367,12466
1,MINOR,420431,1,cyclone,232,301,98,72,98,75,286,344,37,53
3,SEVERE,1333986,1,cyclone,8603,7685,3530,3092,3095,4159,8430,10362,1240,1634
1,MINOR,3088300,1,cyclone,2302,2224,904,447,747,453,2120,1894,303,386
3,SEVERE,4751770,1,cyclone,34273,31838,14999,10804,10169,15046,28580,34211,4158,5420
1,MINOR,2667083,1,cyclone,1418,2086,908,376,548,373,1950,1918,269,330
4,CATASTROPHIC,2804700,1,cyclone,32427,39664,18564,14013,15474,21510,31788,38920,8972,12724
1,MINOR,3380829,1,cyclone,2302,2149,977,542,783,552,2245,2765,327,459
3,SEVERE,572551,0,earthquake,3486,2340,1590,1609,1432,1352,3290,2768,711,593
0,NONE,1424558,0,earthquake,0,0,0,0,0,0,0,0,0,0
0,NONE,4021683,1,cyclone,0,0,0,0,0,0,0,0,0,0
2,MODERATE,4300739,0,earthquake,7842,8092,4966,4030,4344,1988,9326,8138,2129,1788
2,MODERATE,4807510,1,cyclone,12152,14195,4430,4118,6527,3603,13150,15229,2283,3047
1,MINOR,2132343,1,cyclone,1340,1587,634,366,450,348,1611,1487,229,256
2,MODERATE,4332730,1,cyclone,9964,11311,3791,3239,5897,3365,10615,14584,2171,2634
2,MODERATE,58175,1,cyclone,163,158,71,46,67,37,145,182,24,31
4,CATASTROPHIC,3254108,1,cyclone,38722,53503,22291,16394,18823,21231,48369,45415,10279,13303
3,SEVERE,4781587,0,earthquake,19833,26427,13816,14073,9553,10237,21803,22337,5020,3969
3,SEVERE,2884509,1,cyclone,16858,16883,9321,7032,6457,8511,16700,20473,2827,3483
1,MINOR,1080736,1,cyclone,730,625,338,169,287,151,757,715,109,103
3,SEVERE,1635543,1,cyclone,11700,14960,4994,3887,3506,4847,9529,12037,2108,1986
1,MINOR,3425973,0,earthquake,1828,1755,1079,746,598,318,2109,1748,283,283
0,NONE,977987,0,earthquake,0,0,0,0,0,0,0,0,0,0
2,MODERATE,1143771,1,cyclone,3367,3025,930,845,1609,729,2973,3443,542,655
1,MINOR,4034331,1,cyclone,2880,2933,1092,620,916,484,2885,3964,452,492
0,NONE,1615263,0,earthquake,0,0,0,0,0,0,0,0,0,0
3,SEVERE,2804716,1,cyclone,16739,19874,7950,6316,7022,7064,15598,21075,2798,3481
3,SEVERE,3783287,0,earthquake,20492,19921,12205,11635,6851,8664,19110,17127,3356,3436
3,SEVERE,3299337,0,earthquake,16207,17776,11055,10799,7017,6788,16182,16292,3492,2982
0,NONE,3143526,1,cyclone,0,0,0,0,0,0,0,0,0,0
2,MODERATE,1731782,1,cyclone,4372,4449,1505,1432,2208,1395,4447,6198,748,886
3,SEVERE,3838550,0,earthquake,18556,19346,11562,12392,7584,7408,18845,17821,3700,4618
3,SEVERE,70511,1,cyclone,440,481,204,173,140,233,487,463,54,76
4,CATASTROPHIC,687703,0,earthquake,6968,6972,4265,4651,3243,3660,6134,6929,2606,1826
2,MODERATE,4842357,1,cyclone,8885,11624,4992,3805,6423,3545,12179,13506,2338,2553
2,MODERATE,624109,1,cyclone,1523,1602,593,607,719,510,1561,1921,336,353
1,MINOR,4899179,0,earthquake,2292,2855,1614,1057,1056,512,2943,2460,518,418
4,CATASTROPHIC,4684852,1,cyclone,53852,73041,29941,29379,27911,31377,56830,79915,13636,18505
2,MODERATE,846302,1,cyclone,2508,2350,827,649,1051,730,1930,2594,430,416
1,MINOR,3442408,0,earthquake,1584,2031,878,692,714,345,1688,1656,316,315
0,NONE,4104066,1,cyclone,0,0,0,0,0,0,0,0,0,0
2,MODERATE,1512447,1,cyclone,4933,4959,1433,1034,1741,1026,4109,4001,750,983
3,SEVERE,3360377,0,earthquake,18775,13644,9750,10039,6731,6842,17827,16742,3236,3223
3,SEVERE,4738168,1,cyclone,30377,34657,13578,10351,9391,15331,32015,35869,4198,6490
1,MINOR,4776194,1,cyclone,3404,3507,1271,951,985,784,3238,3161,471,568
1,MINOR,3854818,1,cyclone,2832,2505,1126,472,1085,516,2587,2861,381,500
1,MINOR,2216381,0,earthquake,1053,832,663,446,391,257,1195,990,244,211
3,SEVERE,4287424,0,earthquake,20142,21907,13728,13070,8872,8285,22500,24615,4589,4634
0,NONE,1058595,0,earthquake,0,0,0,0,0,0,0,0,0,0
1,MINOR,4661285,0,earthquake,2514,2451,1571,743,987,405,2328,2257,496,476
0,NONE,1218710,1,cyclone,0,0,0,0,0,0,0,0,0,0
2,MODERATE,4609639,0,earthquake,10566,9096,4969,4375,4065,2687,9908,9095,2465,2070
0,NONE,2468319,0,earthquake,0,0,0,0,0,0,0,0,0,0
1,MINOR,1439592,0,earthquake,611,715,431,258,304,160,694,611,140,148
2,MODERATE,3276021,0,earthquake,6306,6580,3181,3029,3239,1554,6317,5975,1725,1840
4,CATASTROPHIC,156454,1,cyclone,1811,2275,1119,825,930,1274,1706,2043,496,566
0,NONE,4196659,1,cyclone,0,0,0,0,0,0,0,0,0,0
1,MINOR,2738343,0,earthquake,1203,1405,801,567,516,255,1400,1434,257,309
3,SEVERE,3578902,0,earthquake,18705,19814,11016,11595,7664,7520,16716,18205,3275,3585
3,SEVERE,3269083,0,earthquake,16126,19708,9599,9049,6833,5226,16475,17692,2959,3716
3,SEVERE,3477356,1,cyclone,21226,22031,9210,9944,8116,10852,22945,24193,3374,4525
1,MINOR,4053899,0,earthquake,2317,2086,1378,699,662,415,1908,2205,392,411
2,MODERATE,4264080,1,cyclone,10484,10310,4170,3905,4805,3001,11261,11286,2345,2281
3,SEVERE,602651,0,earthquake,3259,3367,1577,1936,970,1194,3348,2847,511,611
4,CATASTROPHIC,4187398,1,cyclone,55258,62779,28874,23030,24424,31885,53708,68709,12952,15237
3,SEVERE,1882375,0,earthquake,10457,9980,4911,5392,3397,3812,8539,8781,1712,1837
3,SEVERE,2336506,1,cyclone,17515,17682,6460,5790,5214,6732,15915,18690,2199,2494
1,MINOR,4777234,1,cyclone,3676,3450,1482,694,1182,715,3392,4040,479,595
2,MODERATE,2611401,0,earthquake,4307,5349,2606,2818,2588,1465,4735,5874,1301,1613
4,CATASTROPHIC,2645307,1,cyclone,35812,36921,16882,17323,15962,19014,33518,46102,8659,9368
1,MINOR,4179388,0,earthquake,1988,2195,1348,775,902,379,1961,1786,356,379
2,MODERATE,2197047,1,cyclone,6312,6060,1941,1767,2454,2015,5621,7011,1285,1173
0,NONE,3989512,0,earthquake,0,0,0,0,0,0,0,0,0,0
2,MODERATE,3114917,0,earthquake,5791,6769,2708,3413,3662,1783,6312,5586,1557,1509
2,MODERATE,447905,1,cyclone,1118,1244,433,307,508,332,1307,1639,253,247
1,MINOR,11357,1,cyclone,7,7,3,1,2,1,6,8,0,1
2,MODERATE,1369993,0,earthquake,3115,3269,1349,1430,1392,595,3021,3062,613,707
0,NONE,272659,0,earthquake,0,0,0,0,0,0,0,0,0,0
2,MODERATE,2809355,1,cyclone,7078,9157,2832,2219,3285,2250,7136,8140,1497,1701
4,CATASTROPHIC,4300015,1,cyclone,52382,51533,27529,28804,23756,28401,57688,63788,12647,17661
3,SEVERE,2015354,0,earthquake,9649,9570,6574,5859,3307,4011,8527,12277,1820,1982
3,SEVERE,3290302,1,cyclone,20766,24003,11377,8502,9064,8837,22065,25060,3405,4491
4,CATASTROPHIC,1388963,1,cyclone,20707,20397,9311,7461,8328,11597,19512,18572,4283,5412
0,NONE,3504214,0,earthquake,0,0,0,0,0,0,0,0,0,0
1,MINOR,1660626,1,cyclone,1064,1298,497,253,337,262,995,1260,160,215
3,SEVERE,4779069,0,earthquake,22687,26170,16848,13223,10781,8164,24374,24516,4069,4383
3,SEVERE,361116,1,cyclone,2497,2272,1101,677,968,1083,1972,2878,420,393
3,SEVERE,217975,1,cyclone,1387,1447,603,477,489,615,1366,1564,234,279
0,NONE,2178270,1,cyclone,0,0,0,0,0,0,0,0,0,0
1,MINOR,673346,0,earthquake,322,333,179,128,141,64,280,320,60,69
1,MINOR,4549349,1,cyclone,2830,2959,1395,759,949,661,2868,2909,420,593
1,MINOR,1355610,1,cyclone,934,981,484,219,321,226,848,1056,141,146
4,CATASTROPHIC,48022,0,earthquake,394,509,360,304,295,298,481,441,148,132
0,NONE,1675074,0,earthquake,0,0,0,0,0,0,0,0,0,0
1,MINOR,2826614,0,earthquake,1088,1255,901,536,542,285,1614,1141,317,319
2,MODERATE,3003780,1,cyclone,6677,8241,2932,2655,3716,2616,8745,8599,1232,2051
1,MINOR,3925864,0,earthquake,2229,1694,1355,815,797,455,2226,2090,411,416
4,CATASTROPHIC,3124027,0,earthquake,29860,34809,25777,17621,16556,15897,33295,26746,8355,8742
3,SEVERE,2390785,0,earthquake,11818,12111,6949,7048,4023,4952,12728,12543,2639,2438
4,CATASTROPHIC,4616145,1,cyclone,60744,71631,36217,23175,22883,32893,60585,60959,15817,19856
0,NONE,1912768,0,earthquake,0,0,0,0,0,0,0,0,0,0
3,SEVERE,4678588,1,cyclone,29851,34405,12620,10364,11802,15353,28520,30411,6215,6054
3,SEVERE,4829440,0,earthquake,22951,23120,12584,15869,9615,10081,24953,22462,4432,4610
0,NONE,4623885,0,earthquake,0,0,0,0,0,0,0,0,0,0
1,MINOR,4445732,1,cyclone,2660,3257,1255,701,1222,643,3473,3581,403,508
1,MINOR,4294282,0,earthquake,1876,2284,1458,828,698,444,1962,1994,442,482
3,SEVERE,2291707,1,cyclone,13824,15136,6514,5476,5667,7034,13220,18737,2225,2494
0,NONE,4956735,1,cyclone,0,0,0,0,0,0,0,0,0,0
4,CATASTROPHIC,2492806,1,cyclone,31908,36011,15556,15730,10794,18533,36103,32292,7777,8363
0,NONE,2756308,1,cyclone,0,0,0,0,0,0,0,0,0,0
1,MINOR,1218851,1,cyclone,881,908,364,197,300,178,862,763,103,122
0,NONE,631377,0,earthquake,0,0,0,0,0,0,0,0,0,0
4,CATASTROPHIC,1532519,0,earthquake,13602,12961,11022,10889,8606,8082,14582,14478,3997,4657
4,CATASTROPHIC,4374237,1,cyclone,58378,64324,32895,28624,29327,34493,52721,68336,13882,16972
3,SEVERE,2696075,0,earthquake,14559,11849,7116,8992,4931,6221,13104,13999,2786,2503
1,MINOR,4875364,0,earthquake,2612,2492,1464,838,1134,462,2567,2083,478,501
2,MODERATE,2700259,1,cyclone,7250,7677,2833,1915,3304,2048,7183,8159,1178,1406
4,CATASTROPHIC,2414207,1,cyclone,27203,39609,19670,13219,17071,16498,34504,36273,5934,8142
3,SEVERE,2372009,0,earthquake,11294,11536,7500,7463,4700,4600,12974,11494,2089,2278
0,NONE,868308,1,cyclone,0,0,0,0,0,0,0,0,0,0
2,MODERATE,482793,1,cyclone,1108,1528,528,327,560,318,896,1270,243,306
3,SEVERE,505365,0,earthquake,2206,2264,1529,1682,873,931,2246,2599,463,454
1,MINOR,893708,0,earthquake,544,450,307,168,178,95,413,439,86,93
0,NONE,4583130,0,earthquake,0,0,0,0,0,0,0,0,0,0
4,CATASTROPHIC,1384819,0,earthquake,12918,13183,9125,9962,7696,6720,12719,14973,4037,4199
2,MODERATE,942439,0,earthquake,1595,1678,1015,1182,996,505,1741,1850,442,494
2,MODERATE,731586,0,earthquake,1346,1198,572,784,587,323,1504,1476,377,366
2,MODERATE,1741078,0,earthquake,3658,3527,1869,1439,1764,905,3137,3667,670,859
2,MODERATE,194661,1,cyclone,469,541,196,169,236,157,510,540,83,121
2,MODERATE,257061,0,earthquake,555,512,241,265,270,121,522,577,155,139
3,SEVERE,1899791,1,cyclone,13775,13968,5856,5101,3473,5344,10668,11563,1753,2018
3,SEVERE,4662045,1,cyclone,31064,32662,13967,10428,9993,13478,33912,30081,5287,5674
1,MINOR,1084258,0,earthquake,584,587,355,217,217,118,485,477,103,111
1,MINOR,2117229,0,earthquake,1261,1063,762,445,404,236,1032,1085,183,179
4,CATASTROPHIC,3379796,0,earthquake,40373,31062,27121,26768,16068,19244,36989,37658,12336,11255
4,CATASTROPHIC,1617243,0,earthquake,17782,16053,8554,10302,6823,8492,14259,15192,5700,5160
2,MODERATE,3915160,0,earthquake,7268,8474,3753,3539,3502,2013,8545,8121,1872,1605
1,MINOR,2815952,1,cyclone,1661,1966,874,339,747,401,1586,2310,280,379
0,NONE,2103866,0,earthquake,0,0,0,0,0,0,0,0,0,0
2,MODERATE,2823528,1,cyclone,6432,8424,2934,2021,3486,2229,8093,6966,1503,1932
1,MINOR,3086479,1,cyclone,2082,2079,955,495,707,473,2087,1746,324,397
0,NONE,3178209,1,cyclone,0,0,0,0,0,0,0,0,0,0
0,NONE,1476201,1,cyclone,0,0,0,0,0,0,0,0,0,0
3,SEVERE,202565,0,earthquake,960,831,546,517,459,430,1092,1072,205,232
3,SEVERE,1016491,0,earthquake,4865,4089,2851,2880,1898,2157,4912,5784,993,1140
1,MINOR,1166533,0,earthquake,663,541,307,232,244,108,680,574,108,139
0,NONE,2617903,1,cyclone,0,0,0,0,0,0,0,0,0,0
3,SEVERE,3404397,1,cyclone,18406,20897,9310,8628,7030,9280,19619,26404,3789,4148
3,SEVERE,4420655,0,earthquake,20129,21854,11195,14200,8473,8656,22256,17756,4114,4480
3,SEVERE,2256483,1,cyclone,15565,15664,6552,5505,6042,7531,14314,18223,2212,2716
0,NONE,1669023,0,earthquake,0,0,0,0,0,0,0,0,0,0
3,SEVERE,1896415,1,cyclone,12891,13723,5946,3937,5050,5196,12097,13304,1909,2250
0,NONE,4127901,0,earthquake,0,0,0,0,0,0,0,0,0,0
2,MODERATE,937017,0,earthquake,1887,1764,923,911,1061,482,2006,1892,449,485
0,NONE,1369134,0,earthquake,0,0,0,0,0,0,0,0,0,0
4,CATASTROPHIC,542750,1,cyclone,7902,6431,4478,3470,3599,4217,6748,7259,1363,2079
1,MINOR,2515800,0,earthquake,1246,1298,789,511,355,233,1295,1244,264,277
1,MINOR,3946070,0,earthquake,2160,1958,1417,795,751,355,1871,1815,388,461
3,SEVERE,4652397,1,cyclone,31957,31380,16413,11295,11051,13465,26128,34577,4819,5516
3,SEVERE,4566612,1,cyclone,25988,31626,14002,10774,11182,14763,31976,37186,5025,5752
3,SEVERE,3432471,1,cyclone,24059,21996,8378,8039,8752,11284,19521,27621,3821,4369
3,SEVERE,4351161,1,cyclone,26981,32850,13814,10101,13097,11082,27626,30116,4518,4203
3,SEVERE,155790,1,cyclone,1070,1198,461,410,297,418,1029,1206,141,191
1,MINOR,3759438,1,cyclone,2765,2438,1094,659,1011,605,2306,2525,384,410
4,CATASTROPHIC,413742,1,cyclone,6045,5891,3148,2197,2546,2613,5717,6429,1081,1716
2,MODERATE,1160622,0,earthquake,2473,2092,1062,1046,1043,605,2343,2494,416,557
4,CATASTROPHIC,2767584,0,earthquake,28105,28521,20737,19973,16099,16871,26556,30360,10058,9129
0,NONE,3436258,0,earthquake,0,0,0,0,0,0,0,0,0,0
3,SEVERE,2667821,0,earthquake,14093,13386,8216,7525,4895,5740,13040,13232,2742,2738
3,SEVERE,4146154,1,cyclone,27276,28434,12974,10186,10714,13107,28884,35297,4512,4895
0,NONE,524434,1,cyclone,0,0,0,0,0,0,0,0,0,0
4,CATASTROPHIC,1379671,1,cyclone,15459,20522,11378,8163,8806,11247,21002,23198,4320,5415
4,CATASTROPHIC,3270356,1,cyclone,34999,48760,26243,16800,17130,23000,43749,46576,9298,11675
1,MINOR,4858525,1,cyclone,2992,3659,1238,744,959,677,3360,3828,488,592
3,SEVERE,3216150,1,cyclone,18886,21123,8800,6791,7126,9604,20695,23598,3001,3721
1,MINOR,2855859,1,cyclone,1760,1910,1039,492,677,447,2027,2203,256,338
0,NONE,4147915,0,earthquake,0,0,0,0,0,0,0,0,0,0
1,MINOR,1759879,1,cyclone,1054,1246,534,297,413,285,1186,1362,166,216
2,MODERATE,2537996,0,earthquake,5254,4772,2841,3203,2371,1209,4850,4411,1157,1377
4,CATASTROPHIC,2900056,1,cyclone,36634,34361,19730,15125,20441,21862,35451,40721,7517,12029
0,NONE,847694,1,cyclone,0,0,0,0,0,0,0,0,0,0
1,MINOR,646142,1,cyclone,373,430,185,119,150,91,416,401,49,66
1,MINOR,149389,1,cyclone,95,87,46,20,34,22,93,86,17,17
3,SEVERE,1929772,1,cyclone,13545,13100,6678,4288,4712,6085,14442,11660,2372,2587
2,MODERATE,4554306,0,earthquake,8786,9186,5196,4563,3782,2360,8474,9896,2435,2612
4,CATASTROPHIC,3594895,1,cyclone,50974,55815,23480,21749,25815,25104,55144,50961,9865,13324
3,SEVERE,4555827,1,cyclone,24050,24265,13802,11063,12485,14828,23688,33649,4238,4737
2,MODERATE,248422,1,cyclone,697,654,240,154,326,201,646,631,139,139
3,SEVERE,4731243,1,cyclone,32615,30308,15450,9336,11348,13388,30611,31275,4639,5047
3,SEVERE,3697624,1,cyclone,25846,27754,9749,9761,7988,11063,20145,27234,3326,4237
2,MODERATE,3339382,0,earthquake,6465,5998,3442,3328,3776,1445,6936,7093,1678,1334
1,MINOR,4071944,0,earthquake,1950,2054,1217,745,951,346,2182,2015,484,421
1,MINOR,4384395,0,earthquake,1754,2147,1406,968,683,379,1645,2383,447,500
0,NONE,3557528,1,cyclone,0,0,0,0,0,0,0,0,0,0
4,CATASTROPHIC,1578698,0,earthquake,15293,15182,11940,9189,8831,7256,17278,16250,3749,4741
0,NONE,3276034,1,cyclone,0,0,0,0,0,0,0,0,0,0
1,MINOR,2437997,0,earthquake,1412,1335,873,490,501,237,1184,1091,245,224
4,CATASTROPHIC,2941937,0,earthquake,27395,29149,19972,18491,14417,14838,33093,26303,8310,9311
2,MODERATE,1432666,0,earthquake,2878,2883,1293,1544,1635,810,2809,2125,733,723
0,NONE,1157060,1,cyclone,0,0,0,0,0,0,0,0,0,0
1,MINOR,4269322,1,cyclone,3248,3740,1377,712,1031,684,2951,3292,386,526
1,MINOR,2112139,1,cyclone,1390,1442,487,338,522,300,1214,1444,227,303
2,MODERATE,3704277,1,cyclone,10454,9684,3488,2826,4758,3044,9536,11022,1938,2348
2,MODERATE,3472455,0,earthquake,7215,6609,3757,3167,3578,1731,8233,7721,1974,1602
0,NONE,2098121,0,earthquake,0,0,0,0,0,0,0,0,0,0
3,SEVERE,4068445,0,earthquake,22178,21000,12179,14259,9884,7659,16273,16074,4606,4049
4,CATASTROPHIC,4978138,0,earthquake,46031,48310,35571,33457,22308,22937,55796,50999,15848,13591
3,SEVERE,4281195,1,cyclone,27774,32566,13408,10225,10293,11452,31911,41620,4139,5161
4,CATASTROPHIC,173808,0,earthquake,1886,1796,1378,1003,841,904,1837,1735,434,512
1,MINOR,1367918,1,cyclone,897,1141,402,215,334,210,901,1066,120,162
1,MINOR,3373816,1,cyclone,2481,2227,1052,536,844,472,2217,2810,305,351
2,MODERATE,1667716,0,earthquake,3219,3519,1616,1900,1605,762,3729,3351,743,873
3,SEVERE,965684,0,earthquake,4874,4752,2408,2590,2291,1947,5478,4977,1085,1019
1,MINOR,2389669,1,cyclone,1488,1838,674,367,652,331,1649,1486,215,280
0,NONE,1296186,0,earthquake,0,0,0,0,0,0,0,0,0,0
4,CATASTROPHIC,2659720,0,earthquake,24303,25036,21026,17174,13464,12257,25762,26474,7354,7212
2,MODERATE,903571,0,earthquake,1902,1753,692,839,945,463,1798,1730,380,495
1,MINOR,3324078,0,earthquake,1422,1628,894,730,703,320,1776,1414,329,297
3,SEVERE,4213037,1,cyclone,25780,31834,15309,10290,8382,13132,25947,33102,3640,4309
2,MODERATE,807463,0,earthquake,1204,1451,920,779,865,420,1584,1347,350,349
0,NONE,4947950,1,cyclone,0,0,0,0,0,0,0,0,0,0
1,MINOR,1066458,0,earthquake,563,483,325,233,188,125,481,620,96,106
3,SEVERE,4539205,0,earthquake,19323,23705,13530,11272,7560,8491,22505,25849,4048,4783
3,SEVERE,4632991,1,cyclone,28001,35995,14195,10278,11357,11571,30439,37026,4549,5954
1,MINOR,4447411,0,earthquake,2095,2190,1440,868,887,426,2187,2372,526,370
1,MINOR,2718452,1,cyclone,1775,1861,770,381,612,441,1783,2176,239,373
0,NONE,2364918,1,cyclone,0,0,0,0,0,0,0,0,0,0
4,CATASTROPHIC,4742594,1,cyclone,55935,70139,33971,25591,29394,37678,69239,73966,15491,20325
0,NONE,4214038,1,cyclone,0,0,0,0,0,0,0,0,0,0
2,MODERATE,118724,1,cyclone,314,285,115,82,139,101,322,330,62,65
0,NONE,2648986,1,cyclone,0,0,0,0,0,0,0,0,0,0
4,CATASTROPHIC,1919614,0,earthquake,20601,19375,13664,13356,8697,9240,18939,14358,5809,7096
4,CATASTROPHIC,2703855,1,cyclone,32195,33713,18340,16095,15843,19520,36892,41369,8338,10892
2,MODERATE,1062563,1,cyclone,2596,2517,1013,857,1420,792,3582,3049,562,599
3,SEVERE,2388351,0,earthquake,12489,13026,7404,6892,5041,5187,12395,10943,2345,2614
4,CATASTROPHIC,3473142,1,cyclone,43344,45862,22901,18212,21288,27144,48873,55561,11717,11666
0,NONE,3069180,1,cyclone,0,0,0,0,0,0,0,0,0,0
3,SEVERE,2161594,0,earthquake,12144,10322,6452,6624,4305,4454,8727,10657,2144,1732
2,MODERATE,798001,0,earthquake,1746,1609,752,878,930,400,1815,1567,437,384
0,NONE,1689575,1,cyclone,0,0,0,0,0,0,0,0,0,0
0,NONE,1142334,0,earthquake,0,0,0,0,0,0,0,0,0,0
4,CATASTROPHIC,2261879,0,earthquake,25009,21044,17726,17229,11939,12002,21227,26821,6814,6990
3,SEVERE,3145523,1,cyclone,20219,20445,10041,8904,8514,9169,21804,25581,3183,3765
2,MODERATE,4437387,1,cyclone,10330,12211,3884,3502,6509,3157,10282,13035,2195,2399
4,CATASTROPHIC,4770728,0,earthquake,45433,53004,31682,29515,24095,20297,52802,50569,13453,13609
0,NONE,2009414,1,cyclone,0,0,0,0,0,0,0,0,0,0
3,SEVERE,4847167,1,cyclone,36317,35864,13552,11271,10486,16092,30713,35486,5254,4839
0,NONE,419870,0,earthquake,0,0,0,0,0,0,0,0,0,0
1,MINOR,877727,0,earthquake,459,514,262,177,173,76,454,372,87,88
4,CATASTROPHIC,3092037,0,earthquake,28728,33049,21801,20123,13804,16701,31026,27424,9101,8528
2,MODERATE,4117036,1,cyclone,9547,11708,4174,2587,5351,3735,10852,14030,1800,2292
0,NONE,707593,1,cyclone,0,0,0,0,0,0,0,0,0,0
4,CATASTROPHIC,2943772,0,earthquake,30992,30389,20244,20371,16330,12817,31762,23222,8331,10165
0,NONE,4297278,0,earthquake,0,0,0,0,0,0,0,0,0,0
4,CATASTROPHIC,1930410,1,cyclone,23360,32091,12837,8613,12813,16448,24503,22891,5759,8389
0,NONE,2457407,0,earthquake,0,0,0,0,0,0,0,0,0,0
0,NONE,2290869,0,earthquake,0,0,0,0,0,0,0,0,0,0
3,SEVERE,775411,1,cyclone,4053,6013,2094,1946,2223,2520,4550,4965,715,946
0,NONE,3246971,1,cyclone,0,0,0,0,0,0,0,0,0,0
3,SEVERE,2123361,0,earthquake,12019,8903,7320,6208,3758,4141,9849,11084,1985,1717
4,CATASTROPHIC,102491,0,earthquake,1157,1069,699,727,517,522,1010,1063,331,320
3,SEVERE,69468,1,cyclone,411,431,193,159,194,234,424,544,68,85
2,MODERATE,1292253,1,cyclone,2728,4118,1323,1202,1343,953,3705,3593,711,765
1,MINOR,2296076,1,cyclone,1529,1959,715,338,627,318,1749,1502,235,317
4,CATASTROPHIC,2686476,1,cyclone,28413,46053,17978,16751,14924,23247,32479,35494,7891,9157
3,SEVERE,3121754,1,cyclone,21014,22708,10356,7889,7276,8362,20994,24289,3318,3637
0,NONE,1978209,1,cyclone,0,0,0,0,0,0,0,0,0,0
0,NONE,116242,1,cyclone,0,0,0,0,0,0,0,0,0,0
1,MINOR,846299,1,cyclone,508,621,280,150,180,125,487,560,79,105
4,CATASTROPHIC,1624611,1,cyclone,17440,22406,9632,7956,9695,11322,21835,28450,4570,5693
4,CATASTROPHIC,2592177,0,earthquake,24067,24769,19743,14936,11862,14945,17888,25591,8966,9261
2,MODERATE,3001441,0,earthquake,5091,6994,3159,3409,3263,1498,5231,5664,1739,1708
2,MODERATE,1210822,0,earthquake,2370,2351,1180,1274,1316,665,2529,1985,584,744
1,MINOR,4257063,1,cyclone,2751,3400,1419,653,853,634,2447,3200,379,575
4,CATASTROPHIC,438804,1,cyclone,5539,6188,2729,2381,2950,3339,5396,6601,1327,1520
0,NONE,1721737,0,earthquake,0,0,0,0,0,0,0,0,0,0
4,CATASTROPHIC,2772180,0,earthquake,29884,31782,20023,18327,13718,12276,29738,22011,9168,9269
4,CATASTROPHIC,1862782,0,earthquake,20093,17064,15519,12294,9424,10402,20787,17313,5877,5414
2,MODERATE,2652256,0,earthquake,5463,6262,2618,2603,2972,1327,5474,5833,1326,1430
3,SEVERE,2323837,0,earthquake,11843,10931,6853,8029,4706,4683,10628,12886,2520,2353
4,CATASTROPHIC,248553,1,cyclone,2894,3446,1592,1425,1502,2079,3083,3852,759,969
4,CATASTROPHIC,557004,0,earthquake,4940,5069,3673,3476,2955,2958,6178,5488,1593,1512
2,MODERATE,2925786,1,cyclone,8598,8010,2713,2516,3391,1960,6947,8856,1306,1740
1,MINOR,4564481,1,cyclone,2970,3330,1332,819,925,651,3099,3824,455,504
0,NONE,306042,1,cyclone,0,0,0,0,0,0,0,0,0,0
4,CATASTROPHIC,3581805,0,earthquake,32537,40185,22086,27165,17098,16801,33999,31804,11720,10891
3,SEVERE,557331,0,earthquake,2744,2475,1889,1583,1037,914,2945,2334,515,590
3,SEVERE,57943,0,earthquake,285,264,164,178,110,113,247,322,60,62
1,MINOR,4445365,0,earthquake,2088,1876,1679,924,1019,394,2560,2134,468,488
2,MODERATE,3453564,1,cyclone,8945,10463,3441,2684,4362,2746,7488,10452,2147,1795
2,MODERATE,1975013,0,earthquake,4849,4537,1944,1790,1924,933,4015,4301,1034,1143
4,CATASTROPHIC,956166,0,earthquake,9522,11201,6748,6471,5141,4705,11347,9557,3069,2652
1,MINOR,4593298,1,cyclone,2951,2893,1378,731,1253,780,2842,3230,397,542
4,CATASTROPHIC,716123,1,cyclone,8271,10084,4690,4020,4153,5806,9719,11577,1986,2856
4,CATASTROPHIC,2283820,1,cyclone,30237,27296,16456,8160,14812,15238,26857,38956,7070,8917
2,MODERATE,2626961,1,cyclone,6975,7532,2547,1910,3542,2228,6226,7759,1294,1571
4,CATASTROPHIC,828444,0,earthquake,7723,7093,5530,6516,4188,4067,9691,7941,2284,2585
2,MODERATE,2930363,1,cyclone,8719,9275,2976,2194,2941,2168,8006,8157,1466,1696
4,CATASTROPHIC,2918338,0,earthquake,31423,29471,17904,17993,16916,13470,31416,29528,7875,8288
3,SEVERE,4971574,1,cyclone,31289,33456,12471,9963,10908,14251,32233,39860,5081,6387
4,CATASTROPHIC,2905071,1,cyclone,34140,39756,19926,14256,16698,17267,44987,39491,10097,10498
1,MINOR,3065293,1,cyclone,2139,2105,1090,503,702,486,1975,2325,272,331
3,SEVERE,396743,1,cyclone,2547,2867,1358,906,1024,1175,2016,2989,394,496
3,SEVERE,4469787,0,earthquake,21153,25659,13655,15122,9947,8183,22351,26114,4721,4694
4,CATASTROPHIC,2719025,0,earthquake,29090,27614,19662,18961,12216,12513,23593,31265,6958,8933
2,MODERATE,4429195,0,earthquake,7514,9439,4858,3489,4503,2329,8853,9200,2232,2370
3,SEVERE,4287118,0,earthquake,25333,21847,12449,12166,7774,8035,20683,20390,4004,5186
0,NONE,3136391,0,earthquake,0,0,0,0,0,0,0,0,0,0
4,CATASTROPHIC,114527,1,cyclone,1677,1630,840,623,730,907,1294,1771,384,452
2,MODERATE,1227017,0,earthquake,2678,2174,1285,985,1332,589,2432,2317,610,629
2,MODERATE,1128413,1,cyclone,3155,3570,1133,752,1530,721,2809,3219,564,591
3,SEVERE,4689323,1,cyclone,34910,34665,15012,11686,12489,13531,33005,37521,4987,4954
2,MODERATE,1343110,1,cyclone,3536,3951,1289,1214,1547,809,3355,3639,652,784
3,SEVERE,4160344,1,cyclone,23727,27497,12208,9656,9026,11530,26267,34904,3538,3952
0,NONE,812271,1,cyclone,0,0,0,0,0,0,0,0,0,0
4,CATASTROPHIC,1988527,1,cyclone,27124,29099,17679,11050,13048,14211,27894,32629,6182,8353
3,SEVERE,1849489,0,earthquake,9443,10061,5648,6261,3454,3277,9532,9176,1949,1844
3,SEVERE,3881862,0,earthquake,19465,18817,11409,11175,8428,7914,23789,19721,3668,4918
2,MODERATE,3913799,1,cyclone,10713,11096,3461,3032,3849,3019,10616,10137,2065,2192
1,MINOR,1315707,0,earthquake,689,676,370,256,287,145,582,557,122,145
3,SEVERE,3649090,1,cyclone,23441,22596,11027,7316,7637,10389,22228,28603,3752,4981
3,SEVERE,4903313,0,earthquake,21970,27387,15926,14103,10292,10276,23473,24677,5023,4572
3,SEVERE,3245082,1,cyclone,21092,26785,11389,8226,7219,10598,20138,22470,2549,3933
4,CATASTROPHIC,3141148,1,cyclone,31445,44722,16642,19504,19830,22902,43132,42508,9491,12206
4,CATASTROPHIC,1431483,0,earthquake,15065,14890,10569,10487,6965,5896,14537,14296,4347,4537
2,MODERATE,3365275,1,cyclone,9537,9112,3199,2536,4278,2471,10685,10153,1479,1930
3,SEVERE,1290151,0,earthquake,6055,5929,4457,3318,2046,2282,5457,6699,1243,1261
1,MINOR,1898713,0,earthquake,955,1177,595,408,367,201,1064,805,188,196
3,SEVERE,4475235,0,earthquake,21219,21884,14392,12878,8213,8635,20655,20286,3753,4506
1,MINOR,4519448,1,cyclone,2770,3469,1159,683,1281,614,2868,2977,391,626
1,MINOR,1806231,0,earthquake,707,866,487,402,348,167,759,864,205,208
0,NONE,1248515,0,earthquake,0,0,0,0,0,0,0,0,0,0
2,MODERATE,418086,0,earthquake,757,821,502,344,396,205,805,794,244,197
2,MODERATE,4180541,0,earthquake,8237,9212,4177,4501,3999,2131,7688,9378,1915,2022
1,MINOR,4158063,0,earthquake,1723,2048,1242,737,804,432,1876,2290,462,467
2,MODERATE,58527,1,cyclone,149,159,56,50,74,40,134,153,26,38
2,MODERATE,679405,0,earthquake,1330,1291,686,679,791,322,1224,1446,342,316
4,CATASTROPHIC,4264704,0,earthquake,42568,44239,31322,24968,21073,21880,41851,34420,12600,13797
3,SEVERE,4387475,1,cyclone,32504,30098,13309,8566,9421,16044,33239,34462,3384,4563
0,NONE,4012650,0,earthquake,0,0,0,0,0,0,0,0,0,0
3,SEVERE,976755,1,cyclone,7458,6422,2353,2048,2027,2713,7065,6996,844,1001
1,MINOR,554661,0,earthquake,236,291,149,103,101,57,249,243,49,51
3,SEVERE,3347424,0,earthquake,17901,17057,10049,9114,5167,5950,16083,18573,3312,3173
0,NONE,2954522,0,earthquake,0,0,0,0,0,0,0,0,0,0
3,SEVERE,1696909,1,cyclone,11317,14774,4657,3162,3497,3922,13389,12720,2025,1964
3,SEVERE,2076111,0,earthquake,9968,11256,6088,5233,4423,4500,9830,9700,1721,2206
4,CATASTROPHIC,1142672,1,cyclone,12648,16896,7725,5672,6892,7850,13899,16678,4005,4805
0,NONE,4749643,1,cyclone,0,0,0,0,0,0,0,0,0,0
1,MINOR,4268374,1,cyclone,2107,3120,1020,697,945,655,2373,3450,428,494
3,SEVERE,2607005,0,earthquake,14020,13399,8993,7608,5055,5061,16243,13860,2957,2795
4,CATASTROPHIC,4142106,0,earthquake,43245,40777,28921,26717,17679,21877,43932,46791,12486,12158
3,SEVERE,3093622,0,earthquake,15797,14752,7817,8914,5699,6417,14816,16403,3512,2656
0,NONE,404542,1,cyclone,0,0,0,0,0,0,0,0,0,0
3,SEVERE,1265598,1,cyclone,8176,8742,4426,2631,2863,4228,9448,9361,1177,1415
2,MODERATE,2190256,1,cyclone,5610,6417,2294,2012,2518,1585,6167,5391,1258,1542
1,MINOR,2645834,1,cyclone,1866,1816,805,432,593,410,1468,1548,274,350
2,MODERATE,3709456,0,earthquake,7243,7259,3667,2858,3998,2020,7694,6551,1922,1858
1,MINOR,4304081,0,earthquake,2180,2071,1262,844,708,431,2220,2681,449,402
3,SEVERE,654551,1,cyclone,3556,4097,1865,1495,1533,1884,4156,4701,655,714
2,MODERATE,954337,1,cyclone,2588,2373,899,752,1125,769,2714,2926,534,551
4,CATASTROPHIC,1027588,0,earthquake,11139,9645,7406,7656,5166,4642,8557,10848,2998,3020
0,NONE,992179,0,earthquake,0,0,0,0,0,0,0,0,0,0
4,CATASTROPHIC,2574540,1,cyclone,35490,32528,18408,13879,16650,16555,29876,43175,7885,10495
4,CATASTROPHIC,2133283,1,cyclone,25753,28438,17381,12211,14096,14714,31089,34862,6334,8147
4,CATASTROPHIC,1088599,0,earthquake,10313,11456,7635,7933,5817,5714,10610,10685,3773,3293
2,MODERATE,858802,1,cyclone,2058,2581,766,798,1049,653,2039,2420,439,519
0,NONE,4677953,0,earthquake,0,0,0,0,0,0,0,0,0,0
3,SEVERE,2782007,0,earthquake,15065,15301,8092,8224,5326,6020,14013,11954,2895,3196
2,MODERATE,1965776,1,cyclone,5492,5667,1837,1665,2260,1504,4738,5693,968,1226
4,CATASTROPHIC,384571,0,earthquake,4587,4128,2972,2394,2051,1709,4126,3241,1114,916
1,MINOR,408092,1,cyclone,241,244,130,65,93,61,243,315,40,60
0,NONE,2214867,1,cyclone,0,0,0,0,0,0,0,0,0,0
1,MINOR,745139,1,cyclone,586,579,236,108,175,107,424,619,71,87
0,NONE,3750211,0,earthquake,0,0,0,0,0,0,0,0,0,0
2,MODERATE,489660,1,cyclone,1250,1184,420,416,638,310,1292,1525,230,330
3,SEVERE,4908033,0,earthquake,24062,27897,14215,13182,10432,10069,24532,25711,4568,4613
4,CATASTROPHIC,3485652,0,earthquake,35616,40816,24355,23283,16650,14960,36265,36719,10525,11418
2,MODERATE,3759563,0,earthquake,7959,9152,3450,4050,3792,2076,6922,7669,1752,1547
1,MINOR,4784811,1,cyclone,3519,3117,1641,742,1186,788,3269,3972,408,550
2,MODERATE,2172744,1,cyclone,4873,5721,2212,1767,2225,1471,5888,6717,1157,1328
3,SEVERE,168280,1,cyclone,1149,1336,513,338,431,474,1216,1214,187,193
3,SEVERE,2918771,1,cyclone,17720,20793,8844,7433,7876,8781,19100,24326,2986,3179
0,NONE,4496050,1,cyclone,0,0,0,0,0,0,0,0,0,0
4,CATASTROPHIC,2669508,1,cyclone,30387,39753,19554,14411,15550,20963,38834,38910,8532,10153
1,MINOR,1813028,1,cyclone,1218,1499,517,313,420,274,1357,1463,158,205
0,NONE,4980235,1,cyclone,0,0,0,0,0,0,0,0,0,0
3,SEVERE,3340470,0,earthquake,15579,18799,9457,11145,6998,6715,15528,16544,3403,3685
0,NONE,3948270,0,earthquake,0,0,0,0,0,0,0,0,0,0
3,SEVERE,253154,0,earthquake,1240,1147,736,866,591,404,1403,1297,276,239
1,MINOR,3023403,1,cyclone,1814,2059,952,432,692,492,2281,2390,282,357
3,SEVERE,2577935,1,cyclone,16404,16300,8035,6852,5681,8724,16946,19800,2139,2534
4,CATASTROPHIC,999951,0,earthquake,9328,11669,7514,6363,5015,6238,8757,10527,2903,3211
3,SEVERE,2243153,0,earthquake,11882,10454,5268,7605,4930,4654,12461,11101,2302,2085
2,MODERATE,3037631,1,cyclone,6037,8164,3322,2060,2902,2292,8397,8493,1427,1936
0,NONE,3701309,1,cyclone,0,0,0,0,0,0,0,0,0,0
4,CATASTROPHIC,4949971,1,cyclone,62150,65557,34498,30456,28768,33458,63077,72369,14721,16700
0,NONE,136063,0,earthquake,0,0,0,0,0,0,0,0,0,0
4,CATASTROPHIC,923727,1,cyclone,13886,13799,6401,5422,5582,6697,11348,11468,2565,3318
2,MODERATE,3964704,1,cyclone,10106,10301,4296,3276,3514,3546,11068,11440,2102,2479
3,SEVERE,4319487,0,earthquake,21751,22249,14554,13091,9011,7852,21742,23470,4023,4151
2,MODERATE,51377,1,cyclone,128,124,48,41,66,43,134,148,27,32
2,MODERATE,709226,0,earthquake,1435,1533,665,707,565,403,1348,1616,331,365
0,NONE,4459549,0,earthquake,0,0,0,0,0,0,0,0,0,0
0,NONE,3723586,1,cyclone,0,0,0,0,0,0,0,0,0,0
2,MODERATE,78508,0,earthquake,183,155,83,73,81,37,187,151,38,42
3,SEVERE,4920784,0,earthquake,28451,22561,15444,16307,9852,7594,25212,26477,4454,4795
4,CATASTROPHIC,4883427,0,earthquake,51966,41725,31203,31917,23922,22695,47638,52025,13832,15085
2,MODERATE,3263818,0,earthquake,5865,6709,3379,3237,3554,1573,6350,6092,1558,1607
0,NONE,3874044,0,earthquake,0,0,0,0,0,0,0,0,0,0
2,MODERATE,3149928,1,cyclone,8289,7631,3171,2610,4548,2425,7333,9891,1773,2212
0,NONE,1359898,1,cyclone,0,0,0,0,0,0,0,0,0,0
1,MINOR,3089155,1,cyclone,2088,2130,838,568,810,405,2015,2350,298,399
1,MINOR,3077060,1,cyclone,1796,2214,968,488,872,383,2076,1882,304,378
2,MODERATE,2666492,0,earthquake,5253,6075,2547,2923,2451,1434,5333,5520,1334,1418
3,SEVERE,4531029,1,cyclone,27204,36321,11073,11092,11884,14969,31906,35139,4588,5930
4,CATASTROPHIC,4149513,0,earthquake,45482,41200,23936,30520,20832,24274,42609,36594,10220,14022
3,SEVERE,2377305,1,cyclone,12176,15079,7247,6439,6938,6887,14901,17584,2431,2839
4,CATASTROPHIC,3339335,0,earthquake,30935,26302,24092,23722,17561,15573,30790,34733,11539,10029
1,MINOR,313654,1,cyclone,198,229,97,44,79,42,183,234,32,39
4,CATASTROPHIC,404933,0,earthquake,4409,4287,2830,2529,1583,1980,3977,4101,1039,1107
1,MINOR,1011684,1,cyclone,532,693,259,159,243,168,558,827,102,133
2,MODERATE,850340,1,cyclone,2115,2063,746,592,1069,731,2085,2711,360,519
3,SEVERE,4985395,0,earthquake,22240,26744,14782,16038,9760,10518,28321,27717,4954,4510
0,NONE,2901074,1,cyclone,0,0,0,0,0,0,0,0,0,0
4,CATASTROPHIC,575343,1,cyclone,8239,6873,4030,3740,3369,4716,7848,9455,1586,1904
3,SEVERE,3478123,1,cyclone,24078,24521,11425,7779,8574,11360,26119,23233,3417,3624
4,CATASTROPHIC,1857462,0,earthquake,18569,17890,15009,14215,9708,10881,16646,20015,5877,5443
1,MINOR,4021347,0,earthquake,1633,1941,1257,817,824,427,2273,2016,415,416
3,SEVERE,2418608,0,earthquake,12346,11328,7674,7778,5096,5333,10999,13221,2250,2191
0,NONE,4826761,0,earthquake,0,0,0,0,0,0,0,0,0,0
0,NONE,2717093,1,cyclone,0,0,0,0,0,0,0,0,0,0
3,SEVERE,3222653,1,cyclone,21946,26363,9044,9017,7587,9237,22572,27610,3402,3320
1,MINOR,3842848,1,cyclone,2204,2649,1090,672,715,493,2471,3329,392,398
4,CATASTROPHIC,2315399,0,earthquake,20382,27027,15201,14679,13287,12747,26103,20954,5886,7038
3,SEVERE,103813,0,earthquake,565,459,290,347,191,214,518,531,112,107
2,MODERATE,1655531,1,cyclone,4045,5275,1661,1268,2045,1060,5359,4427,873,999
3,SEVERE,2271898,0,earthquake,10634,9248,5602,6653,5166,3784,13460,12594,1965,2025
0,NONE,2065988,0,earthquake,0,0,0,0,0,0,0,0,0,0
0,NONE,3787718,1,cyclone,0,0,0,0,0,0,0,0,0,0
1,MINOR,3496091,0,earthquake,2120,1450,893,732,762,382,1647,1600,314,360
0,NONE,2470654,1,cyclone,0,0,0,0,0,0,0,0,0,0
4,CATASTROPHIC,133099,1,cyclone,1769,1660,1082,811,907,945,1802,2035,444,534
0,NONE,3404202,1,cyclone,0,0,0,0,0,0,0,0,0,0
0,NONE,3745985,1,cyclone,0,0,0,0,0,0,0,0,0,0
2,MODERATE,1599367,1,cyclone,4080,4670,1531,997,2175,1231,4274,4686,864,1049
2,MODERATE,671377,0,earthquake,1482,1378,578,698,689,317,1235,1415,333,322
4,CATASTROPHIC,4992593,1,cyclone,67047,64974,33586,30004,31827,39115,57519,80980,14880,19051
4,CATASTROPHIC,4391432,0,earthquake,39021,39990,30938,30977,26709,17203,40964,41590,13815,13868
0,NONE,2012968,0,earthquake,0,0,0,0,0,0,0,0,0,0
0,NONE,2160418,0,earthquake,0,0,0,0,0,0,0,0,0,0
2,MODERATE,2549196,0,earthquake,5032,5119,3112,2838,2391,1195,5586,4582,1413,1317
4,CATASTROPHIC,4787988,1,cyclone,58440,75269,29845,23425,27356,32408,66011,90230,15984,15828
2,MODERATE,4135060,1,cyclone,10013,11123,3996,3348,5659,3082,11759,13217,1920,2640
0,NONE,1308803,0,earthquake,0,0,0,0,0,0,0,0,0,0
4,CATASTROPHIC,4596997,0,earthquake,51878,51017,27764,32645,24872,27778,38229,49330,15258,14413
3,SEVERE,3685638,1,cyclone,25377,23214,10338,8445,8311,12747,19354,29455,3209,3997
1,MINOR,3736467,0,earthquake,1788,1744,1239,729,781,364,2263,1768,347,355
1,MINOR,4232486,1,cyclone,2672,3013,1481,819,1125,612,2753,3117,453,466
1,MINOR,1017069,0,earthquake,510,539,262,223,224,99,515,524,102,107
1,MINOR,3667115,0,earthquake,1798,1933,1067,782,800,399,1855,1642,344,388
0,NONE,29570,1,cyclone,0,0,0,0,0,0,0,0,0,0
2,MODERATE,1250283,1,cyclone,2936,3294,1154,995,1526,1115,2627,3737,605,821
4,CATASTROPHIC,1846081,0,earthquake,17339,17038,13412,12060,8094,8668,17047,18484,5419,5783
4,CATASTROPHIC,2636673,1,cyclone,28842,38750,20998,13579,15199,19656,34928,37354,7955,9979
4,CATASTROPHIC,859035,1,cyclone,11269,11347,6122,4280,5405,6561,10656,13690,2725,3121
3,SEVERE,3592081,1,cyclone,21507,27992,9807,9286,9437,10588,23224,26135,3295,4035
4,CATASTROPHIC,2195388,0,earthquake,23137,21222,17027,17280,10376,10793,21132,22777,7448,5487
4,CATASTROPHIC,120631,0,earthquake,1227,1268,880,797,609,580,1033,1233,407,417
1,MINOR,3754075,1,cyclone,1800,3344,1287,646,907,437,2484,2824,322,470
3,SEVERE,4897160,1,cyclone,32905,35656,14217,12644,13544,14752,29427,31639,5142,6237
1,MINOR,2191187,1,cyclone,1288,1643,675,346,571,289,1589,1396,201,235
1,MINOR,3280610,0,earthquake,1649,1680,735,585,600,333,1670,1744,336,285
3,SEVERE,4297450,1,cyclone,27018,31391,12152,10862,10758,14423,33060,35182,4585,4955
0,NONE,3587651,0,earthquake,0,0,0,0,0,0,0,0,0,0
3,SEVERE,597425,1,cyclone,3897,3880,1873,1346,1255,1974,4336,4696,505,849
4,CATASTROPHIC,2454290,1,cyclone,32874,34672,17931,12175,13923,17328,33842,37723,6657,7428
4,CATASTROPHIC,3642834,1,cyclone,47505,51323,26118,19188,19244,29027,46061,55578,10620,13106
0,NONE,3301662,1,cyclone,0,0,0,0,0,0,0,0,0,0
3,SEVERE,1255358,0,earthquake,6234,5754,4098,3979,2381,2249,5447,6896,1270,1282
3,SEVERE,387855,1,cyclone,2121,2583,1094,1055,898,1054,2579,2648,358,497
3,SEVERE,2904492,1,cyclone,19547,21274,9660,6737,6505,7916,13218,20902,3708,3928
4,CATASTROPHIC,2356615,0,earthquake,23977,23655,18045,15352,11350,10001,25892,19977,7451,8258
3,SEVERE,91897,1,cyclone,594,615,266,219,250,296,584,560,92,111
4,CATASTROPHIC,1706456,1,cyclone,23192,25207,11733,9009,10117,13439,17354,26605,5277,6181
0,NONE,3949419,0,earthquake,0,0,0,0,0,0,0,0,0,0
4,CATASTROPHIC,1977219,1,cyclone,31065,31383,16369,11453,13981,13559,24780,27937,5637,7147
1,MINOR,3832767,0,earthquake,2250,1624,1011,579,702,366,1782,1698,386,368
2,MODERATE,4580955,1,cyclone,11690,15090,5010,3824,5122,3787,10037,13508,2688,2527
2,MODERATE,2982581,1,cyclone,8227,6883,2788,2428,3705,2699,7363,9479,1575,1684
4,CATASTROPHIC,2824954,1,cyclone,35720,40319,17877,14418,16913,22770,35499,39762,8279,11012
2,MODERATE,3565567,1,cyclone,9745,8629,3481,3033,3461,2397,7858,10078,1967,2310
3,SEVERE,200660,0,earthquake,919,997,664,641,501,449,1023,1071,196,178
4,CATASTROPHIC,2431176,0,earthquake,21171,23571,16121,17043,15238,12678,27380,22648,7309,8189
1,MINOR,1708798,0,earthquake,907,848,483,324,352,144,865,916,164,144
0,NONE,3763328,1,cyclone,0,0,0,0,0,0,0,0,0,0
4,CATASTROPHIC,4562903,0,earthquake,38930,52758,28211,29903,24907,20093,42510,44663,13220,12360
0,NONE,532639,1,cyclone,0,0,0,0,0,0,0,0,0,0
1,MINOR,3686051,1,cyclone,2553,2241,1267,576,906,583,2537,2375,398,455
0,NONE,2023306,0,earthquake,0,0,0,0,0,0,0,0,0,0
0,NONE,3807582,1,cyclone,0,0,0,0,0,0,0,0,0,0
4,CATASTROPHIC,4968217,0,earthquake,52432,52005,34525,37129,26251,24841,51014,34078,14706,14833
3,SEVERE,1617375,0,earthquake,8926,6475,4712,5523,3069,3734,9230,8033,1525,1570
0,NONE,1257448,0,earthquake,0,0,0,0,0,0,0,0,0,0
1,MINOR,4573240,1,cyclone,2916,3137,1346,617,1115,740,2770,3116,451,591
4,CATASTROPHIC,4070869,1,cyclone,46046,53739,31727,25002,26574,28438,50298,55833,11821,15216
0,NONE,2459082,1,cyclone,0,0,0,0,0,0,0,0,0,0
4,CATASTROPHIC,1545152,0,earthquake,20197,12087,12296,10389,6476,7318,15880,17054,5433,5294
4,CATASTROPHIC,2439507,1,cyclone,32954,31917,16714,12691,14691,16961,28453,38345,7778,8617
3,SEVERE,1167138,1,cyclone,7579,8876,3588,2720,3200,3657,6505,8595,1173,1343
0,NONE,629923,0,earthquake,0,0,0,0,0,0,0,0,0,0
1,MINOR,4280474,0,earthquake,2005,2492,1243,777,996,459,2162,1969,460,365
4,CATASTROPHIC,1921788,0,earthquake,21120,14681,12214,12107,8534,10017,18650,17543,5129,5211
1,MINOR,4400036,0,earthquake,2227,1935,1305,708,934,493,2115,2170,432,447
4,CATASTROPHIC,3385881,0,earthquake,37132,32403,24978,24366,17122,16818,29554,32999,9964,9423
1,MINOR,1302776,0,earthquake,634,592,333,283,247,132,553,603,140,163
4,CATASTROPHIC,720143,1,cyclone,8716,11175,4647,2958,4591,4902,7917,11322,1968,2226
0,NONE,616764,1,cyclone,0,0,0,0,0,0,0,0,0,0
0,NONE,1163731,0,earthquake,0,0,0,0,0,0,0,0,0,0
0,NONE,1589056,0,earthquake,0,0,0,0,0,0,0,0,0,0
0,NONE,2418495,1,cyclone,0,0,0,0,0,0,0,0,0,0
3,SEVERE,4851547,1,cyclone,35788,26951,15918,11407,13175,14451,32617,37696,5198,6082
4,CATASTROPHIC,3285789,1,cyclone,43791,48565,21016,20555,21651,27974,36906,43556,9121,11545
2,MODERATE,1473150,0,earthquake,2817,3316,1782,1385,1360,791,2974,3055,834,716
2,MODERATE,4932305,0,earthquake,9689,9517,5358,5619,5617,2293,9072,8075,2466,2684
4,CATASTROPHIC,3958675,1,cyclone,49942,60457,25308,17111,20775,32119,42620,56577,11420,14618
4,CATASTROPHIC,3418494,0,earthquake,34986,35553,23573,21669,18633,14077,36855,38096,12651,9482
0,NONE,4767590,0,earthquake,0,0,0,0,0,0,0,0,0,0
2,MODERATE,2005589,1,cyclone,5444,4910,1886,1666,2262,1596,5820,6000,942,1116
0,NONE,557193,0,earthquake,0,0,0,0,0,0,0,0,0,0
1,MINOR,4878712,0,earthquake,2485,2668,1554,1243,905,500,2817,2801,392,487
1,MINOR,2906943,1,cyclone,2022,1960,784,568,748,399,1851,2247,306,317
1,MINOR,3072098,1,cyclone,2069,2095,888,538,849,420,2034,2053,293,341
2,MODERATE,4853733,0,earthquake,9630,9930,5254,5807,5110,2518,10887,10092,2169,2248
2,MODERATE,9554,0,earthquake,20,17,10,9,9,4,20,19,5,5
2,MODERATE,4332019,1,cyclone,12103,13617,4700,3100,5053,3378,10358,15020,2233,2481
0,NONE,1188900,0,earthquake,0,0,0,0,0,0,0,0,0,0
1,MINOR,332616,1,cyclone,201,196,97,53,89,54,242,267,34,35
2,MODERATE,4594257,0,earthquake,11470,10176,5461,4106,5420,2261,9032,9546,2414,2539
3,SEVERE,1823899,0,earthquake,8210,8945,5464,5520,4146,3715,11524,10438,1768,1500
3,SEVERE,3677357,0,earthquake,19191,21627,9355,10636,7376,7600,16090,20072,3253,3217
2,MODERATE,4509510,0,earthquake,11311,9459,4402,4579,4660,2585,7920,10096,1933,2146
4,CATASTROPHIC,3905081,1,cyclone,50747,55628,27446,18542,24778,31664,57582,69395,12196,16042
3,SEVERE,2054040,1,cyclone,11572,14950,7306,4945,4143,6180,11730,16735,2161,2422
2,MODERATE,956871,0,earthquake,1807,1789,1003,855,1094,478,1702,2110,550,628
0,NONE,3220740,1,cyclone,0,0,0,0,0,0,0,0,0,0
2,MODERATE,1134932,1,cyclone,3113,3387,1236,988,1277,850,3384,3555,617,598
0,NONE,3909475,0,earthquake,0,0,0,0,0,0,0,0,0,0
0,NONE,3032746,0,earthquake,0,0,0,0,0,0,0,0,0,0
4,CATASTROPHIC,3509573,1,cyclone,42957,55709,19546,21376,19750,24347,46817,44801,9669,11561
0,NONE,4673109,0,earthquake,0,0,0,0,0,0,0,0,0,0
1,MINOR,2234487,0,earthquake,1070,1275,634,437,395,217,1170,1084,223,197
1,MINOR,4525991,0,earthquake,2569,2434,1329,906,907,440,1895,1775,486,444
1,MINOR,2237877,0,earthquake,783,1115,724,492,416,217,1049,1075,200,203
3,SEVERE,22053,0,earthquake,101,117,70,59,42,46,116,98,20,26
2,MODERATE,525002,1,cyclone,1375,1676,554,430,645,517,1225,1402,256,359
2,MODERATE,3344742,0,earthquake,5041,5415,3211,4053,3353,1477,7239,7801,1565,1748
0,NONE,41456,0,earthquake,0,0,0,0,0,0,0,0,0,0
0,NONE,4423049,0,earthquake,0,0,0,0,0,0,0,0,0,0
4,CATASTROPHIC,1242185,0,earthquake,15901,13366,8470,8268,5725,5844,12285,12367,3203,4231
2,MODERATE,2643226,0,earthquake,6353,4658,2958,2926,2869,1492,5434,4978,1466,1471
2,MODERATE,366099,0,earthquake,657,729,329,364,379,194,764,710,191,185
2,MODERATE,1653279,0,earthquake,3026,3403,1748,1689,1566,918,3352,3370,813,766
1,MINOR,921883,1,cyclone,635,661,240,134,204,126,615,620,99,94
1,MINOR,955288,0,earthquake,524,623,308,180,181,84,529,485,78,81
2,MODERATE,2283323,0,earthquake,4700,4401,2230,2064,2476,942,5010,3925,1251,1101
2,MODERATE,2499289,0,earthquake,4462,4363,2297,2294,2642,1200,4849,4908,1317,1329
0,NONE,1268026,0,earthquake,0,0,0,0,0,0,0,0,0,0
3,SEVERE,2231028,0,earthquake,12221,10016,7219,7296,4171,4810,11001,10466,2187,2268
4,CATASTROPHIC,1556681,1,cyclone,18902,21278,10020,9412,8081,11790,20505,19121,4464,5747
4,CATASTROPHIC,2527435,1,cyclone,34008,33465,14968,14313,15890,15624,34183,38244,7305,9498
0,NONE,1572239,0,earthquake,0,0,0,0,0,0,0,0,0,0
0,NONE,720820,0,earthquake,0,0,0,0,0,0,0,0,0,0
3,SEVERE,4541797,0,earthquake,26620,15872,14564,13408,8311,9811,26591,24469,4373,4113
2,MODERATE,3293598,1,cyclone,8231,8954,4223,2919,4406,2109,7957,9954,1481,2292
4,CATASTROPHIC,4759575,0,earthquake,51046,49468,35342,33983,20878,26329,43343,47119,15497,12277
1,MINOR,4969985,1,cyclone,3090,3525,1394,849,1140,726,3175,4945,446,568
2,MODERATE,2072567,0,earthquake,3881,4336,2413,1844,2171,1092,3788,4706,1006,996
2,MODERATE,2473855,0,earthquake,5632,5484,2628,2323,3149,1043,4066,5137,1192,930
2,MODERATE,947955,1,cyclone,2423,2734,903,747,1286,779,2413,2999,515,515
4,CATASTROPHIC,2834643,0,earthquake,27566,29647,20070,14918,12139,14716,29304,28151,9635,8937
4,CATASTROPHIC,1986517,1,cyclone,24359,31112,14481,10940,12733,14860,29833,27429,6155,5631
4,CATASTROPHIC,1053858,1,cyclone,13163,14978,7140,5249,5884,7108,13536,17048,3051,4480
3,SEVERE,1267653,0,earthquake,6461,5896,3775,3522,2357,2658,5766,5851,1093,1203
1,MINOR,115864,1,cyclone,69,82,33,22,27,17,82,94,11,13
4,CATASTROPHIC,303149,0,earthquake,3093,2918,2047,2021,1464,1439,2921,3121,934,790
4,CATASTROPHIC,3746711,0,earthquake,38067,34625,26210,22641,20950,17785,35771,30175,10670,13131
3,SEVERE,1601432,0,earthquake,8424,8010,5134,4936,3180,2778,7790,8506,1581,1745
4,CATASTROPHIC,2642873,0,earthquake,27442,24107,16059,18209,12521,13658,24530,24802,8763,8046
3,SEVERE,3070828,1,cyclone,19485,22302,10687,9025,7603,8273,21204,20180,2879,3496
2,MODERATE,1071985,1,cyclone,2968,2987,1185,837,1345,676,3412,3142,509,626
2,MODERATE,4697377,1,cyclone,13446,14000,5189,3709,4919,3893,14470,13860,2508,2585
4,CATASTROPHIC,4962627,1,cyclone,71659,78547,28564,29113,25884,43763,67354,68310,14528,17349
2,MODERATE,4653754,1,cyclone,13721,13357,4892,3927,5042,3445,9124,14487,1686,3029
3,SEVERE,3594763,0,earthquake,17031,18767,9431,10066,7734,5927,19597,14357,2972,3415
4,CATASTROPHIC,3596238,1,cyclone,48669,45669,28167,20545,22363,26077,39289,56812,10009,11014
1,MINOR,2803509,1,cyclone,1927,1791,852,394,678,415,1675,2137,284,375
3,SEVERE,307957,1,cyclone,1840,2221,865,861,728,986,2123,2574,312,320
4,CATASTROPHIC,4460509,1,cyclone,56952,54652,40944,27623,26956,37911,62074,59122,12544,17710
2,MODERATE,1948265,0,earthquake,4159,3794,1977,2110,2101,1017,3891,4125,777,1117
0,NONE,3987770,1,cyclone,0,0,0,0,0,0,0,0,0,0
3,SEVERE,4924733,0,earthquake,24367,27919,12424,12630,10466,11122,23934,23467,4087,4777
2,MODERATE,1146011,1,cyclone,2712,3592,1250,968,1484,795,2795,3696,529,787
3,SEVERE,936199,1,cyclone,7362,6090,2827,2483,2460,2716,5770,6857,1071,1092
1,MINOR,3066813,0,earthquake,1504,1590,877,508,694,282,1728,1640,315,305
3,SEVERE,4690542,1,cyclone,37762,39188,15712,11802,12130,15166,35533,33446,4335,5620
1,MINOR,3719424,0,earthquake,1756,1768,1410,763,780,317,1848,2033,465,346
3,SEVERE,4627701,1,cyclone,31271,33021,13279,11950,12384,11941,37780,40346,4358,5865
0,NONE,2682254,1,cyclone,0,0,0,0,0,0,0,0,0,0
1,MINOR,4363670,0,earthquake,2071,1874,1265,963,851,464,2218,2195,505,394
3,SEVERE,2951996,1,cyclone,19850,20774,9484,7030,6946,9147,22443,19566,2680,3556
1,MINOR,3010264,1,cyclone,2354,1881,902,439,751,358,1753,2546,301,334
3,SEVERE,3486039,1,cyclone,21268,23064,10551,8248,6526,9490,20149,28491,3386,3347
4,CATASTROPHIC,28800,0,earthquake,227,227,211,210,134,162,282,271,96,95
1,MINOR,3108173,0,earthquake,1466,1536,989,632,628,326,1609,1609,313,330
4,CATASTROPHIC,2869812,0,earthquake,32643,29942,20752,18303,13146,15987,30335,31331,8779,8951
0,NONE,710431,0,earthquake,0,0,0,0,0,0,0,0,0,0
2,MODERATE,50073,0,earthquake,113,93,50,42,54,28,104,89,29,30
4,CATASTROPHIC,709244,0,earthquake,6294,6607,4621,4945,3250,4050,7240,6102,2454,2117
0,NONE,4769401,0,earthquake,0,0,0,0,0,0,0,0,0,0
2,MODERATE,4576603,1,cyclone,11036,11514,4698,3388,5179,3175,11508,14740,1832,3101
0,NONE,1920802,0,earthquake,0,0,0,0,0,0,0,0,0,0
2,MODERATE,3465573,1,cyclone,9653,9495,3587,2218,3713,2909,9038,12340,1563,2610
2,MODERATE,4127983,1,cyclone,10245,13005,3895,3214,4590,2877,10859,12045,1632,2833
3,SEVERE,3749114,0,earthquake,18981,16991,10727,12472,7946,7839,19678,20737,4091,4007
4,CATASTROPHIC,3063970,1,cyclone,32196,36544,19603,18213,17407,25240,45809,44541,7832,12095
0,NONE,4721523,1,cyclone,0,0,0,0,0,0,0,0,0,0
3,SEVERE,4983570,1,cyclone,28204,31336,16433,12679,13619,13929,33353,38971,5330,6654
3,SEVERE,2932866,0,earthquake,12491,13189,9005,9726,5335,6327,13400,13578,2619,3323
2,MODERATE,589421,1,cyclone,1408,1753,691,547,680,433,1343,1698,297,305
4,CATASTROPHIC,843542,1,cyclone,11828,10448,6211,4971,5576,5081,12202,13100,2339,2381
3,SEVERE,3738068,0,earthquake,17885,16339,11695,9792,7066,7430,16234,17243,3317,4149
3,SEVERE,1795416,0,earthquake,10018,8567,6387,4975,3230,3352,10319,7570,1959,2124
4,CATASTROPHIC,2788542,0,earthquake,27864,27466,18328,17489,12826,14701,27887,27204,7887,7906
0,NONE,2276459,1,cyclone,0,0,0,0,0,0,0,0,0,0
0,NONE,586566,1,cyclone,0,0,0,0,0,0,0,0,0,0
0,NONE,970638,0,earthquake,0,0,0,0,0,0,0,0,0,0
2,MODERATE,3765781,1,cyclone,11070,10312,4053,2171,4886,2682,12446,12597,1511,2098
1,MINOR,2839587,0,earthquake,1390,1336,922,639,537,251,1518,1214,246,253
4,CATASTROPHIC,3539036,0,earthquake,28528,31371,26364,21623,17093,21139,35216,36602,9612,12914
0,NONE,4925952,1,cyclone,0,0,0,0,0,0,0,0,0,0
0,NONE,305607,1,cyclone,0,0,0,0,0,0,0,0,0,0
4,CATASTROPHIC,4996163,1,cyclone,65883,67023,37043,27924,24293,33847,64987,75617,12881,15222
2,MODERATE,2165961,1,cyclone,4691,5794,2060,1580,2416,1626,5225,6543,1041,1321
0,NONE,2879088,1,cyclone,0,0,0,0,0,0,0,0,0,0
1,MINOR,4269619,0,earthquake,2171,2011,1392,781,876,415,2191,2122,392,473
4,CATASTROPHIC,3400898,1,cyclone,36702,46236,27446,18520,20602,29594,43580,52334,10819,10554
4,CATASTROPHIC,1491119,1,cyclone,17193,23314,8653,8732,8794,9791,19866,21972,4834,4494
2,MODERATE,888046,0,earthquake,1893,1733,992,852,907,509,1461,1781,442,409
4,CATASTROPHIC,4232657,1,cyclone,56571,58719,30414,22611,24537,29916,65574,72784,13403,17257
4,CATASTROPHIC,1046725,1,cyclone,11558,14269,7081,5197,5346,8237,14048,13867,2905,4205
2,MODERATE,3698609,1,cyclone,9084,11537,4196,3043,4639,2687,9000,11728,1767,2594
0,NONE,2912781,1,cyclone,0,0,0,0,0,0,0,0,0,0
0,NONE,4918842,0,earthquake,0,0,0,0,0,0,0,0,0,0
2,MODERATE,1760151,0,earthquake,3667,3870,1782,1845,1924,973,3456,3536,813,856
1,MINOR,4349154,1,cyclone,3045,2915,1140,692,1171,725,2705,2843,416,497
1,MINOR,3646916,0,earthquake,1686,2024,1109,761,603,276,1561,1735,385,279
3,SEVERE,4002539,1,cyclone,23095,26437,11725,10513,8805,11241,31429,30179,4116,5161
0,NONE,3149537,0,earthquake,0,0,0,0,0,0,0,0,0,0
1,MINOR,451251,0,earthquake,228,240,134,102,91,50,221,199,42,44
0,NONE,4720640,0,earthquake,0,0,0,0,0,0,0,0,0,0
4,CATASTROPHIC,53886,1,cyclone,764,778,377,300,318,400,816,825,189,176
1,MINOR,4147674,0,earthquake,2118,2125,1336,785,834,445,2164,2397,378,423
0,NONE,4077503,0,earthquake,0,0,0,0,0,0,0,0,0,0
4,CATASTROPHIC,2312327,1,cyclone,32002,34894,13479,14703,11825,16638,27392,32181,7690,8425
1,MINOR,4746825,1,cyclone,3457,3362,1532,799,1205,626,3444,3657,452,562
0,NONE,1608535,1,cyclone,0,0,0,0,0,0,0,0,0,0
0,NONE,4447989,0,earthquake,0,0,0,0,0,0,0,0,0,0
2,MODERATE,2805966,0,earthquake,5117,5962,2788,2817,2677,1425,5532,5412,1329,1455
0,NONE,179718,1,cyclone,0,0,0,0,0,0,0,0,0,0
0,NONE,2585140,1,cyclone,0,0,0,0,0,0,0,0,0,0
1,MINOR,3376379,0,earthquake,1832,1706,837,778,695,358,1847,1788,304,360
4,CATASTROPHIC,1443537,0,earthquake,16840,13890,11110,9765,6832,7160,17498,17341,4099,4870
0,NONE,1254931,1,cyclone,0,0,0,0,0,0,0,0,0,0
3,SEVERE,2752967,1,cyclone,18321,21280,9437,5779,5913,7614,15205,20517,2918,3296
3,SEVERE,4027163,1,cyclone,26344,27521,11209,10605,10659,13373,27170,26480,3894,5318
1,MINOR,2840397,1,cyclone,2215,1794,896,425,758,405,1899,1991,310,318
4,CATASTROPHIC,403662,0,earthquake,4004,4213,2506,3079,2107,1903,3524,3935,1241,1229
3,SEVERE,4834015,1,cyclone,32530,32376,12150,9657,10305,14641,34906,38488,5401,6129
3,SEVERE,1611321,0,earthquake,7482,8061,5246,4722,3481,2898,7926,8000,1808,1644
2,MODERATE,456667,0,earthquake,925,929,484,419,533,228,814,911,221,291
2,MODERATE,351079,0,earthquake,558,668,344,316,327,158,591,690,187,166
1,MINOR,7645,0,earthquake,3,3,2,1,1,0,3,3,0,0
2,MODERATE,789700,1,cyclone,1926,2146,798,592,760,653,2145,2383,444,435
2,MODERATE,1458936,1,cyclone,3666,4201,1602,993,1721,1117,3443,4783,773,962
1,MINOR,2378435,1,cyclone,1639,1681,570,314,680,356,1692,1722,236,272
0,NONE,2708286,1,cyclone,0,0,0,0,0,0,0,0,0,0
0,NONE,628568,0,earthquake,0,0,0,0,0,0,0,0,0,0
1,MINOR,3791273,1,cyclone,2574,2818,1037,717,994,622,2760,2995,340,448
0,NONE,2570767,0,earthquake,0,0,0,0,0,0,0,0,0,0
1,MINOR,3206283,1,cyclone,2443,2256,746,604,822,418,1977,2213,313,441
1,MINOR,2156637,1,cyclone,1448,1525,538,370,458,309,1536,1784,205,248
0,NONE,2782947,0,earthquake,0,0,0,0,0,0,0,0,0,0
1,MINOR,2452538,0,earthquake,1289,1170,753,480,509,281,1130,1260,242,238
0,NONE,4045118,0,earthquake,0,0,0,0,0,0,0,0,0,0
1,MINOR,4411306,1,cyclone,3236,3262,1103,726,1141,642,2903,3105,380,447
0,NONE,1317488,1,cyclone,0,0,0,0,0,0,0,0,0,0
1,MINOR,2859204,0,earthquake,1284,1622,814,631,505,266,1355,1461,247,263
1,MINOR,733951,1,cyclone,432,472,227,128,225,120,421,508,90,86
0,NONE,1121315,0,earthquake,0,0,0,0,0,0,0,0,0,0
4,CATASTROPHIC,907317,1,cyclone,10736,13503,6115,4653,5252,6969,11893,14184,2966,3692
3,SEVERE,126162,0,earthquake,541,666,308,339,273,291,459,562,149,127
0,NONE,348760,1,cyclone,0,0,0,0,0,0,0,0,0,0
3,SEVERE,3349887,1,cyclone,23202,22548,10153,8933,7415,10321,23693,26297,3779,3971
1,MINOR,1601511,1,cyclone,1029,1134,486,224,381,246,1031,969,184,171
1,MINOR,4113460,1,cyclone,2552,2949,1138,799,961,672,2381,3307,381,424
1,MINOR,1920396,0,earthquake,978,1067,498,316,353,190,1028,916,200,222
0,NONE,3607359,1,cyclone,0,0,0,0,0,0,0,0,0,0
4,CATASTROPHIC,1043575,1,cyclone,11850,15234,7462,5082,6316,7923,13803,16990,3620,3526
1,MINOR,2725729,1,cyclone,1777,2082,776,444,661,383,1784,2249,277,334
1,MINOR,2278209,1,cyclone,1690,1438,685,392,607,318,1337,1496,220,280
2,MODERATE,2950878,0,earthquake,5050,6072,3499,2811,3131,1828,4911,5300,1558,1795
2,MODERATE,757320,0,earthquake,1528,1738,630,717,726,396,1450,1775,371,344
1,MINOR,2144841,1,cyclone,1523,1439,545,349,481,284,1397,1587,209,264
4,CATASTROPHIC,890434,0,earthquake,9758,9041,5501,5870,3812,4356,9728,8901,2944,2761
3,SEVERE,964921,1,cyclone,6328,6541,3126,2352,1821,2793,5947,7343,968,932
1,MINOR,2012196,0,earthquake,878,1032,668,401,385,214,915,1048,197,202
2,MODERATE,4043893,0,earthquake,8596,8047,4397,3913,4158,1836,8928,8322,2422,2505
2,MODERATE,1028219,1,cyclone,2376,3070,987,839,1472,729,2593,3034,493,594
1,MINOR,2809112,0,earthquake,1645,1219,830,639,603,294,1612,1379,213,270
3,SEVERE,871815,1,cyclone,5196,5891,2335,2095,1723,2600,6035,6530,810,978
1,MINOR,2370522,0,earthquake,789,1108,610,493,460,237,938,1148,263,270
3,SEVERE,3830509,1,cyclone,24547,25488,13882,9034,9530,11292,20897,27845,4256,4224
0,NONE,833469,1,cyclone,0,0,0,0,0,0,0,0,0,0
2,MODERATE,428753,1,cyclone,1222,1091,457,381,556,350,1097,1202,209,239
3,SEVERE,2113188,0,earthquake,10805,10430,7000,6717,4277,3991,8608,10827,2225,1780
2,MODERATE,2924704,0,earthquake,6193,5289,2792,3079,3124,1404,6022,6327,1307,1357
4,CATASTROPHIC,4039829,1,cyclone,42337,59930,23230,22106,26690,32561,49027,50971,12736,16495
3,SEVERE,3338696,0,earthquake,18596,18033,11136,10801,6834,5846,16115,15838,3042,3146
2,MODERATE,3738932,0,earthquake,8085,7902,3894,3463,3792,2015,7296,7324,1781,1816
1,MINOR,3214242,0,earthquake,1424,1186,1132,678,635,299,1144,1490,344,351
4,CATASTROPHIC,1650374,0,earthquake,15735,18479,10975,12364,9073,7278,15403,15336,5485,4369
3,SEVERE,3176236,1,cyclone,20995,25067,7694,8086,7484,8094,18413,27550,3377,4117
2,MODERATE,4232326,0,earthquake,8957,8952,3757,4063,4034,2313,9084,8949,1997,2405
2,MODERATE,26467,0,earthquake,62,56,26,25,21,11,57,42,14,14
1,MINOR,426228,0,earthquake,245,187,135,84,85,46,202,216,47,47
1,MINOR,4538441,0,earthquake,2150,2274,1238,861,871,413,2140,2399,528,463
3,SEVERE,1611345,1,cyclone,10064,11928,5309,3417,4268,5619,9418,13197,1874,2072
4,CATASTROPHIC,3627626,0,earthquake,35637,39101,23330,24599,16809,15694,36426,37379,11603,6008
3,SEVERE,3474462,1,cyclone,25386,19144,10892,7897,7715,11007,18676,21495,3694,4372
1,MINOR,2015346,0,earthquake,1082,1076,609,355,385,218,1141,974,196,198
3,SEVERE,720801,1,cyclone,4809,4596,2315,1543,1423,1728,4007,6031,706,862
3,SEVERE,3704344,0,earthquake,20113,17332,12423,12592,7780,7344,19557,15510,4107,3389
2,MODERATE,4174659,0,earthquake,8116,9449,4632,3497,3779,2220,6897,9534,2111,2382
0,NONE,4580061,1,cyclone,0,0,0,0,0,0,0,0,0,0
3,SEVERE,1906179,1,cyclone,13809,14894,5720,5615,5605,5903,13710,16167,1689,2352
1,MINOR,1485339,0,earthquake,724,815,403,264,299,117,841,644,175,136
2,MODERATE,4502371,0,earthquake,7965,7960,4515,3567,4302,1860,10237,8311,2623,2501
3,SEVERE,3259585,1,cyclone,20639,21659,9913,8321,8057,9722,23460,22505,2770,4037
0,NONE,2853428,0,earthquake,0,0,0,0,0,0,0,0,0,0
4,CATASTROPHIC,1466539,0,earthquake,16902,16943,11174,9306,8361,7645,13455,15929,4302,3541
4,CATASTROPHIC,2245311,0,earthquake,20252,22306,15552,14043,12069,11810,19229,28365,5917,6427
3,SEVERE,3783110,1,cyclone,28166,26017,10303,9637,6446,11955,27762,21828,3630,3792
4,CATASTROPHIC,3570258,0,earthquake,36521,34922,17933,22227,17613,18017,36927,38444,9740,10753
4,CATASTROPHIC,3816941,1,cyclone,45294,56327,19867,17409,30155,26724,56908,56883,10807,14644
4,CATASTROPHIC,3888386,0,earthquake,39475,38787,26878,23985,17405,18692,39151,35448,11682,8994
2,MODERATE,2075770,1,cyclone,5840,6351,1591,1777,3057,1675,5255,5532,912,1079
1,MINOR,545406,0,earthquake,263,310,175,116,99,59,274,245,58,48
3,SEVERE,1506519,0,earthquake,7997,6069,4130,4028,2725,3138,8312,7792,1472,1411
3,SEVERE,3526219,0,earthquake,17869,19287,10941,11377,6231,6708,18328,19768,3237,2809
4,CATASTROPHIC,2326444,1,cyclone,29387,36171,17855,14468,13620,14980,35404,36725,7359,8941
0,NONE,2863474,1,cyclone,0,0,0,0,0,0,0,0,0,0
2,MODERATE,3947426,0,earthquake,6914,8898,4452,3617,3556,1849,8315,8318,2646,1912
3,SEVERE,95847,0,earthquake,445,512,307,316,186,229,531,422,103,96
3,SEVERE,4438940,1,cyclone,34419,30905,11328,10890,9781,14720,28193,27390,4664,5437
1,MINOR,4734571,1,cyclone,2924,2901,1582,772,1193,712,3260,3680,448,608
4,CATASTROPHIC,4733803,0,earthquake,46518,43617,34667,34703,23577,20973,37763,46242,14537,15116
4,CATASTROPHIC,2335932,1,cyclone,29309,31028,15825,12624,14502,19837,31665,34993,7390,9065
1,MINOR,2357665,0,earthquake,1217,1240,647,470,439,271,975,1247,217,209
0,NONE,700566,1,cyclone,0,0,0,0,0,0,0,0,0,0
2,MODERATE,4670532,1,cyclone,13927,11940,3888,3864,5165,3483,10841,14017,2448,2979
0,NONE,436610,1,cyclone,0,0,0,0,0,0,0,0,0,0
3,SEVERE,1674742,1,cyclone,12232,11278,4876,4076,3994,5409,10650,11228,1901,2394
1,MINOR,2784588,0,earthquake,1234,1271,852,437,581,296,1141,1255,280,274
3,SEVERE,3450493,0,earthquake,14133,19475,10578,11339,6587,6964,17804,19031,4069,3330
2,MODERATE,3869663,1,cyclone,10495,10684,4272,3347,4623,2483,8855,9550,1908,2168
1,MINOR,1995072,1,cyclone,1542,1477,602,269,480,325,1347,1339,191,241
1,MINOR,1523831,0,earthquake,692,665,489,281,286,173,801,807,131,163
2,MODERATE,2985885,1,cyclone,8080,8367,2548,2616,3958,2107,8236,9775,1213,1699
4,CATASTROPHIC,258775,1,cyclone,3559,3137,1861,1574,1612,1931,3838,3606,763,989
0,NONE,2431188,1,cyclone,0,0,0,0,0,0,0,0,0,0
2,MODERATE,76204,0,earthquake,150,161,70,67,76,42,162,120,40,32
2,MODERATE,1713662,1,cyclone,4550,5363,1669,1489,2284,1350,4335,5391,825,972
4,CATASTROPHIC,3262059,0,earthquake,35151,33118,23997,26027,16045,15652,34022,24208,10479,8942
2,MODERATE,1242430,0,earthquake,2611,2573,1179,1208,1186,603,2590,1995,616,642
0,NONE,3376342,0,earthquake,0,0,0,0,0,0,0,0,0,0
4,CATASTROPHIC,4198100,0,earthquake,47641,43556,29251,28575,21082,21548,37255,47053,12017,12336
2,MODERATE,1748629,0,earthquake,3174,3825,1482,1822,1736,982,3907,3696,900,918
1,MINOR,4734806,0,earthquake,2334,2091,1460,1017,879,495,2565,1909,481,491
2,MODERATE,4157312,0,earthquake,7362,7166,4150,3279,4573,2233,9661,7427,1877,2297
2,MODERATE,577543,0,earthquake,1285,1310,644,590,550,309,1104,1167,277,296
2,MODERATE,156760,0,earthquake,316,305,157,160,146,68,249,353,82,81
2,MODERATE,4000310,1,cyclone,13386,13197,4213,3475,5013,2802,11644,13628,1854,2392
2,MODERATE,4753092,0,earthquake,8963,7237,3970,4473,4607,2547,8084,9936,2524,2537
2,MODERATE,3214919,0,earthquake,7740,7244,2959,3260,3099,1933,7140,6308,1748,1409
1,MINOR,402507,0,earthquake,217,201,107,66,83,35,193,234,36,44
1,MINOR,3557668,0,earthquake,1905,1702,872,648,615,373,1799,1501,297,329
1,MINOR,1602443,0,earthquake,778,767,466,311,365,157,891,832,145,160
4,CATASTROPHIC,130942,0,earthquake,1466,1375,872,1066,691,715,1323,1174,408,459
1,MINOR,996698,0,earthquake,455,574,339,163,217,97,512,457,100,88
3,SEVERE,973657,1,cyclone,7294,6508,2994,2710,2087,2738,5987,6079,948,1304
0,NONE,529982,1,cyclone,0,0,0,0,0,0,0,0,0,0
3,SEVERE,1744236,0,earthquake,7963,8520,5265,5188,3956,3373,7908,7962,1858,1499
4,CATASTROPHIC,2926886,0,earthquake,28388,24754,19972,23402,13977,15547,25591,30965,9779,10032
3,SEVERE,179594,0,earthquake,794,944,466,523,386,409,875,839,185,160
1,MINOR,1584311,0,earthquake,789,799,435,293,293,132,819,863,171,154
0,NONE,3637761,0,earthquake,0,0,0,0,0,0,0,0,0,0
1,MINOR,1847752,1,cyclone,920,1355,563,273,461,298,1087,1344,212,205
3,SEVERE,4799296,0,earthquake,20286,21396,15722,16860,9875,9687,26317,27310,4102,5580
2,MODERATE,4401833,1,cyclone,10557,11763,4548,3198,4649,2998,11029,13298,2033,2321
0,NONE,1074930,1,cyclone,0,0,0,0,0,0,0,0,0,0
0,NONE,419592,0,earthquake,0,0,0,0,0,0,0,0,0,0
3,SEVERE,3569422,1,cyclone,22305,24850,10891,8203,9374,10357,20927,28364,4240,3783
1,MINOR,4379849,0,earthquake,2314,2325,1317,643,898,454,2436,2025,511,424
4,CATASTROPHIC,2446594,0,earthquake,26461,20146,19504,19188,14120,13589,23178,19927,8199,7909
1,MINOR,4462059,1,cyclone,2525,3087,1141,652,997,744,3304,3724,409,530
3,SEVERE,2227075,1,cyclone,18114,17446,6682,4902,5251,6737,15113,19209,2121,2822
4,CATASTROPHIC,1137013,0,earthquake,13042,11306,7621,7544,5141,5380,12747,12031,3693,3738
0,NONE,4865684,0,earthquake,0,0,0,0,0,0,0,0,0,0
2,MODERATE,471426,1,cyclone,1201,1451,391,349,573,390,1448,1540,221,233
2,MODERATE,4775870,1,cyclone,14736,12247,4845,3776,5691,3164,14647,13074,2425,2737
0,NONE,1109427,1,cyclone,0,0,0,0,0,0,0,0,0,0
1,MINOR,2897933,1,cyclone,2011,1984,1010,489,867,510,1948,2259,313,402
4,CATASTROPHIC,647581,1,cyclone,6147,8790,4817,3712,4189,4566,6041,10781,2090,2697
1,MINOR,2829119,0,earthquake,1388,1401,825,553,521,322,1442,1423,276,246
3,SEVERE,4271687,0,earthquake,20802,24523,12626,11716,6768,9033,22999,18901,4902,3681
4,CATASTROPHIC,3270054,1,cyclone,43963,38180,19573,19717,18902,25398,44562,48489,9558,11618
3,SEVERE,1555204,0,earthquake,8723,9578,4500,5074,3687,2659,9175,7932,1566,1470
3,SEVERE,3246408,1,cyclone,19090,23746,10822,6975,7249,9988,18749,24942,3158,3257
4,CATASTROPHIC,268966,0,earthquake,2965,2637,1748,1876,1511,1592,2849,2531,809,798
1,MINOR,3712361,0,earthquake,1899,1670,1005,686,713,336,1798,2054,393,475
3,SEVERE,812457,0,earthquake,3853,4605,2380,2145,1740,1737,3805,3849,777,795
0,NONE,1566230,1,cyclone,0,0,0,0,0,0,0,0,0,0
0,NONE,1053518,1,cyclone,0,0,0,0,0,0,0,0,0,0
2,MODERATE,1711833,1,cyclone,3225,5249,1589,1231,1999,1130,4385,5702,691,1024
0,NONE,3652071,1,cyclone,0,0,0,0,0,0,0,0,0,0
1,MINOR,1604211,1,cyclone,1064,1143,573,280,440,247,940,1218,169,206
2,MODERATE,569824,0,earthquake,1148,924,552,513,536,262,1227,1190,286,273
2,MODERATE,1205159,0,earthquake,2536,2769,1297,1108,1433,569,2226,2486,631,656
4,CATASTROPHIC,3909069,1,cyclone,43639,56385,29214,20619,27962,29369,42883,56986,11800,14704
3,SEVERE,4850647,1,cyclone,32924,30139,11913,12701,14629,15268,34418,39635,4910,4945
2,MODERATE,1571895,0,earthquake,3150,3367,1581,1643,1676,849,3189,2904,801,847
2,MODERATE,2170068,1,cyclone,6266,6039,2078,1690,2535,1718,5017,6526,1111,1353
1,MINOR,4724580,0,earthquake,2330,1901,1515,961,1087,431,2307,2614,429,521
2,MODERATE,2698135,1,cyclone,6725,8554,2904,2152,3561,2130,6897,7923,1204,1531
0,NONE,2669703,0,earthquake,0,0,0,0,0,0,0,0,0,0
3,SEVERE,2384675,0,earthquake,11245,12078,6648,7031,4609,4164,9120,10803,2814,2310
1,MINOR,3760091,1,cyclone,2197,2275,1105,747,943,659,2381,3204,453,446
2,MODERATE,39212,0,earthquake,70,80,37,38,34,19,90,80,21,21
3,SEVERE,2259754,0,earthquake,11436,11849,7121,6974,4339,4745,11350,11671,2198,2349
1,MINOR,4163082,0,earthquake,2227,2099,1311,849,920,404,2012,2326,397,376
1,MINOR,1991321,1,cyclone,1640,1270,635,323,531,317,1448,1537,182,222
0,NONE,2360632,0,earthquake,0,0,0,0,0,0,0,0,0,0
3,SEVERE,3099795,1,cyclone,19001,24116,9126,7190,8275,10076,20728,22336,3553,3326
2,MODERATE,2679915,0,earthquake,4681,5399,2325,2586,2754,1204,4101,5291,1368,1289
4,CATASTROPHIC,2707277,0,earthquake,24317,32344,19551,18143,12419,12998,26084,27176,9052,7468
2,MODERATE,612382,0,earthquake,996,1385,584,633,721,288,1147,1208,307,363
2,MODERATE,2679675,0,earthquake,5387,5934,2801,2528,2571,1159,6390,6190,1378,1338
3,SEVERE,1638127,1,cyclone,9448,11299,5352,4218,3754,5307,11879,12328,1798,2290
2,MODERATE,1926626,1,cyclone,5968,5070,2012,1649,2307,1624,5037,5691,836,960
2,MODERATE,3101536,0,earthquake,6975,6754,3315,3446,3016,1585,5972,6891,1155,1722
0,NONE,2052150,1,cyclone,0,0,0,0,0,0,0,0,0,0
4,CATASTROPHIC,2624633,0,earthquake,31139,19825,20454,16003,13366,13466,27843,26112,7870,8144
3,SEVERE,942923,0,earthquake,5169,4832,2858,2600,1705,2067,5219,5204,1017,985
1,MINOR,4286268,0,earthquake,2235,2171,1358,853,905,467,1873,2378,426,491
2,MODERATE,3312774,1,cyclone,7687,10222,3761,2650,3999,2293,8145,9532,1895,1973
0,NONE,3490739,1,cyclone,0,0,0,0,0,0,0,0,0,0
4,CATASTROPHIC,2518592,1,cyclone,34682,40930,18226,15490,14537,20251,33429,36865,8724,7976
0,NONE,2313252,0,earthquake,0,0,0,0,0,0,0,0,0,0
0,NONE,2303828,1,cyclone,0,0,0,0,0,0,0,0,0,0
4,CATASTROPHIC,4950288,1,cyclone,63016,68966,34084,28901,32134,36412,81019,81983,14842,15471
3,SEVERE,534028,0,earthquake,2889,2175,1620,1525,1227,1081,2060,2768,429,558
2,MODERATE,3888144,0,earthquake,6860,8679,3733,4298,4332,2050,7298,8510,1985,1952
1,MINOR,2866601,1,cyclone,1809,2121,831,426,721,474,1951,2033,390,385
0,NONE,1673989,1,cyclone,0,0,0,0,0,0,0,0,0,0
1,MINOR,703374,0,earthquake,306,338,226,149,156,59,359,401,79,72
0,NONE,1746548,1,cyclone,0,0,0,0,0,0,0,0,0,0
2,MODERATE,2643537,1,cyclone,8267,6465,2685,2233,2711,2267,6765,7071,1526,1694
2,MODERATE,295151,0,earthquake,613,499,252,305,242,162,508,644,168,154
4,CATASTROPHIC,291349,1,cyclone,3622,4055,1887,1906,1779,2096,4294,4754,775,1083
0,NONE,4608335,1,cyclone,0,0,0,0,0,0,0,0,0,0
0,NONE,3703158,1,cyclone,0,0,0,0,0,0,0,0,0,0
1,MINOR,5191,0,earthquake,3,2,1,0,0,0,2,2,0,0
1,MINOR,4133777,1,cyclone,2962,3256,1251,721,1121,599,2552,3241,453,359
2,MODERATE,4170034,0,earthquake,8786,8557,4218,3801,3716,2283,9752,8798,2049,2340
4,CATASTROPHIC,2945868,1,cyclone,36116,45136,24120,15460,17483,16957,35092,52890,8574,10845
0,NONE,827908,0,earthquake,0,0,0,0,0,0,0,0,0,0
3,SEVERE,292432,0,earthquake,1644,1099,769,881,584,485,1389,1602,258,324
1,MINOR,4512683,0,earthquake,2441,2312,1155,853,1058,480,2508,1999,506,387
4,CATASTROPHIC,3504481,1,cyclone,39494,56508,21459,17717,23451,24652,49180,46714,10222,13550
1,MINOR,4099062,1,cyclone,2979,2603,1271,737,867,546,2602,3095,383,588
1,MINOR,3047064,1,cyclone,2087,1961,789,484,763,541,1995,2229,274,379
2,MODERATE,4183909,0,earthquake,9097,8781,4833,3780,4709,2166,9587,7930,2383,1727
1,MINOR,937410,0,earthquake,415,443,303,176,196,88,413,524,73,110
1,MINOR,2962825,0,earthquake,1425,1710,896,579,654,291,1365,1677,295,349
3,SEVERE,4596776,1,cyclone,27580,30019,13658,10156,9649,13344,30152,35895,4589,6269
3,SEVERE,3451573,1,cyclone,23058,29825,11645,8078,6279,10439,23248,24896,3157,4207
3,SEVERE,3604974,0,earthquake,18349,19377,12505,11213,9075,7145,18554,16909,3721,3712
2,MODERATE,935934,1,cyclone,2327,2708,954,567,1126,749,2259,3051,484,539
4,CATASTROPHIC,1036654,0,earthquake,10653,10097,7654,8233,4957,5650,10056,10064,2987,2584
2,MODERATE,1287054,0,earthquake,2724,2743,1230,1260,1254,540,2905,2286,660,622
2,MODERATE,2225975,1,cyclone,5474,6071,2096,1829,2718,1802,6457,7108,1037,1358
4,CATASTROPHIC,1337194,0,earthquake,9975,12900,8859,10007,6039,6800,12865,12803,3703,4132
3,SEVERE,2301638,0,earthquake,10043,11570,5872,7115,4863,4684,10706,12519,2209,2258
4,CATASTROPHIC,2223244,0,earthquake,21237,19874,17280,16362,9919,10030,21004,25118,6262,6552
2,MODERATE,1868845,1,cyclone,4683,5019,1809,1396,2303,1405,4611,6307,1111,1252
1,MINOR,531134,1,cyclone,409,400,150,88,135,71,335,442,43,55
2,MODERATE,2894771,1,cyclone,7935,6902,2467,2387,3920,2267,7969,7764,1457,1935
3,SEVERE,986709,0,earthquake,4477,5394,2818,2959,2031,1558,4211,4976,915,1085
0,NONE,1005912,1,cyclone,0,0,0,0,0,0,0,0,0,0
1,MINOR,4926698,1,cyclone,3392,3559,1606,756,1201,774,3045,4214,499,611
1,MINOR,4298761,1,cyclone,3144,3085,1461,675,1104,531,2654,2813,413,540
2,MODERATE,2477727,1,cyclone,6869,6545,2235,1881,2876,1790,7180,5414,1212,1597
1,MINOR,416893,1,cyclone,260,239,128,67,93,50,263,336,45,49
3,SEVERE,286132,0,earthquake,1408,1670,890,764,523,623,1269,1362,291,286
2,MODERATE,344535,1,cyclone,938,937,389,269,404,258,836,972,169,240
3,SEVERE,4052766,0,earthquake,19452,20270,14337,11229,10131,8472,18236,19154,3267,4096
2,MODERATE,3288820,1,cyclone,7894,9249,3087,2563,3398,2682,7568,10466,1594,2017
4,CATASTROPHIC,1888379,1,cyclone,23939,23685,13060,11522,10421,14756,23724,28473,5662,6966
2,MODERATE,608903,1,cyclone,1622,1564,486,420,697,497,1638,1852,243,411
4,CATASTROPHIC,4894728,0,earthquake,53024,51363,33574,27932,24675,19166,51725,44157,14449,13933
2,MODERATE,1239906,1,cyclone,3125,2737,1292,874,1431,906,2628,3074,653,699
0,NONE,2426969,1,cyclone,0,0,0,0,0,0,0,0,0,0
2,MODERATE,132774,1,cyclone,311,336,129,108,167,100,316,381,71,70
3,SEVERE,4047377,1,cyclone,24975,27759,11882,10273,11025,13530,27040,27833,4472,4589
3,SEVERE,3124105,0,earthquake,19291,17605,10418,9602,6472,4733,16811,14715,2904,3023
1,MINOR,2300670,0,earthquake,978,1157,611,462,549,198,1133,1077,206,211
1,MINOR,3250241,1,cyclone,2205,2183,961,588,649,537,2084,2325,315,390
0,NONE,1992969,1,cyclone,0,0,0,0,0,0,0,0,0,0
4,CATASTROPHIC,17572,1,cyclone,225,250,114,110,85,128,247,276,47,58
3,SEVERE,4361481,0,earthquake,25472,18904,14534,11397,7399,7646,21721,24561,3484,4793
1,MINOR,1517210,0,earthquake,803,722,557,318,305,161,860,867,165,172
0,NONE,3267832,1,cyclone,0,0,0,0,0,0,0,0,0,0
3,SEVERE,4552229,1,cyclone,33853,34077,14545,11378,10693,11533,31341,41419,4688,4838
0,NONE,2355674,0,earthquake,0,0,0,0,0,0,0,0,0,0
1,MINOR,3298733,0,earthquake,1778,1625,871,769,688,321,1676,1727,282,335
2,MODERATE,4613081,0,earthquake,8543,8668,5380,5180,3092,2573,9158,8572,2074,2087
2,MODERATE,2135048,0,earthquake,3691,3825,2204,2145,2253,1060,3712,4481,960,1136
3,SEVERE,3681460,0,earthquake,17636,23306,10362,10851,7520,7765,18597,21672,3768,3626
1,MINOR,974771,1,cyclone,612,564,269,148,248,121,604,810,93,92
4,CATASTROPHIC,2695672,1,cyclone,28816,42973,17364,15873,15399,17034,35669,44267,6187,8582
0,NONE,4494380,1,cyclone,0,0,0,0,0,0,0,0,0,0
3,SEVERE,2439035,1,cyclone,15989,16426,6684,4811,5390,7184,15263,15694,2444,2638
0,NONE,4841104,1,cyclone,0,0,0,0,0,0,0,0,0,0
0,NONE,3715242,1,cyclone,0,0,0,0,0,0,0,0,0,0
3,SEVERE,654616,0,earthquake,3228,3065,1876,1824,1090,1513,3432,2745,752,666
0,NONE,2600142,1,cyclone,0,0,0,0,0,0,0,0,0,0
0,NONE,3726414,1,cyclone,0,0,0,0,0,0,0,0,0,0
4,CATASTROPHIC,139787,0,earthquake,1407,1048,1034,883,640,687,1203,1583,384,529
4,CATASTROPHIC,4302689,1,cyclone,56487,58986,30545,22521,22887,36930,57141,66303,12628,16261
0,NONE,4402944,1,cyclone,0,0,0,0,0,0,0,0,0,0
3,SEVERE,2242438,0,earthquake,13225,9935,7186,5906,4103,4610,12382,10898,2261,2525
4,CATASTROPHIC,1541431,1,cyclone,17589,23241,10046,8841,9747,10201,18542,24661,4504,5153
0,NONE,4838199,1,cyclone,0,0,0,0,0,0,0,0,0,0
2,MODERATE,575063,1,cyclone,1729,1564,584,546,725,437,1526,1825,252,371
0,NONE,1552975,1,cyclone,0,0,0,0,0,0,0,0,0,0
4,CATASTROPHIC,2584358,0,earthquake,27166,26462,16895,19308,12835,12996,28146,26578,7767,8866
1,MINOR,4902064,1,cyclone,2932,3483,1572,725,1610,748,3234,3202,419,483
0,NONE,1537547,1,cyclone,0,0,0,0,0,0,0,0,0,0
1,MINOR,1321790,1,cyclone,813,995,344,215,332,209,919,1048,141,144
2,MODERATE,720603,0,earthquake,1252,1475,788,834,773,398,1349,1560,353,402
2,MODERATE,4582815,0,earthquake,8822,8739,3971,4147,5032,2406,9415,7941,2314,1763
3,SEVERE,4388135,0,earthquake,18989,25487,10799,13862,9263,7688,21857,18349,3139,3919
3,SEVERE,44777,1,cyclone,272,347,126,98,114,108,282,318,43,51
0,NONE,3267290,1,cyclone,0,0,0,0,0,0,0,0,0,0
3,SEVERE,2325912,0,earthquake,9515,10817,6872,7244,5056,4485,12413,9771,2666,1962
0,NONE,3985941,0,earthquake,0,0,0,0,0,0,0,0,0,0
1,MINOR,2065708,0,earthquake,1013,1069,566,430,398,197,1188,1069,216,221
1,MINOR,3063663,1,cyclone,1759,2260,966,537,797,456,1715,2167,332,435
3,SEVERE,1816471,0,earthquake,8941,8995,5390,5096,3031,3705,8829,10117,1950,1447
0,NONE,447974,1,cyclone,0,0,0,0,0,0,0,0,0,0
0,NONE,497483,1,cyclone,0,0,0,0,0,0,0,0,0,0
3,SEVERE,4819323,0,earthquake,18782,26716,14679,11680,9931,9730,25356,26029,3654,4592
0,NONE,4635179,0,earthquake,0,0,0,0,0,0,0,0,0,0
2,MODERATE,1570763,0,earthquake,3059,2785,1642,1840,1150,743,2750,3164,759,737
1,MINOR,1706208,0,earthquake,1080,790,418,360,396,184,990,833,160,172
3,SEVERE,3644902,1,cyclone,25989,28188,11493,8962,9442,8788,24190,27480,3722,4335
2,MODERATE,1415540,1,cyclone,4096,4151,1436,1053,1837,1083,3402,4222,752,896
2,MODERATE,365384,0,earthquake,766,737,402,410,392,171,653,691,218,187
0,NONE,1937387,1,cyclone,0,0,0,0,0,0,0,0,0,0
4,CATASTROPHIC,1377912,1,cyclone,19372,17599,8775,8451,8584,11118,16331,16787,3772,5301
3,SEVERE,3558502,1,cyclone,21721,19357,11545,8897,9332,8062,27933,24578,3947,3458
2,MODERATE,3117164,1,cyclone,8894,8201,2751,2457,3230,2273,7877,7047,1641,1836
3,SEVERE,2001562,1,cyclone,13580,13517,5765,5193,5861,6595,14151,14923,2171,2684
1,MINOR,3706338,1,cyclone,2331,2430,1221,579,931,582,2344,2375,357,468
3,SEVERE,1550323,0,earthquake,8918,7702,4753,4742,3429,3163,9665,7930,1482,1784
2,MODERATE,2392210,0,earthquake,4215,5013,2282,2206,2256,1152,5182,5015,1178,1263
4,CATASTROPHIC,3328766,1,cyclone,40387,43537,23654,18927,21992,26212,41145,43539,10867,12381
3,SEVERE,3726754,1,cyclone,24069,26502,9190,7951,9759,9959,20164,30099,3579,4116
3,SEVERE,2458579,0,earthquake,12780,12054,7312,6739,5278,5730,11250,10575,2463,2451
0,NONE,1075715,0,earthquake,0,0,0,0,0,0,0,0,0,0
2,MODERATE,2971047,1,cyclone,7664,7454,3317,2706,3696,2009,7046,6802,1397,1972
2,MODERATE,1744880,0,earthquake,3251,3156,1923,1945,1651,916,3186,3370,713,903
2,MODERATE,1479056,0,earthquake,2927,2759,1465,1447,1356,769,2869,2918,631,730
0,NONE,4550774,0,earthquake,0,0,0,0,0,0,0,0,0,0
3,SEVERE,3607542,0,earthquake,18044,15483,11315,10115,6675,7335,18507,19609,3513,3569
0,NONE,1689571,0,earthquake,0,0,0,0,0,0,0,0,0,0
2,MODERATE,950364,1,cyclone,2820,1995,1101,816,1364,731,2594,2798,478,528
4,CATASTROPHIC,3966990,0,earthquake,42595,47525,28243,26072,19936,19536,39128,39575,10792,12236
1,MINOR,4975885,1,cyclone,2843,3138,1199,836,1153,778,3343,4026,497,554
3,SEVERE,1401053,1,cyclone,8789,9896,3637,2934,2804,4324,9780,9009,1423,1756
2,MODERATE,4492440,0,earthquake,9870,9154,5436,4612,3932,1890,9884,8049,1992,2130
3,SEVERE,4390622,0,earthquake,23514,20886,15144,12423,9266,8316,21478,21091,4634,4708
4,CATASTROPHIC,3941817,0,earthquake,41577,35370,29490,27662,14461,17996,31244,36507,12187,11472
4,CATASTROPHIC,1527572,0,earthquake,15488,14311,10673,11817,7866,8090,15784,17791,4100,5728
3,SEVERE,1480464,0,earthquake,6579,6553,3432,3823,2916,2746,6850,7419,1566,1482
4,CATASTROPHIC,302899,1,cyclone,3465,4121,2213,1398,2167,2514,4140,4914,849,929
3,SEVERE,1903391,0,earthquake,10161,9769,5847,4820,4210,3847,9420,8945,1752,1963
1,MINOR,1463105,0,earthquake,583,617,489,313,308,143,728,711,123,155
0,NONE,2574639,1,cyclone,0,0,0,0,0,0,0,0,0,0
3,SEVERE,1029793,1,cyclone,6643,5654,3210,2562,2240,3346,6055,8362,1054,1055
4,CATASTROPHIC,1363190,0,earthquake,14041,15040,10647,9314,7197,7911,12243,12803,3412,3831
2,MODERATE,25993,0,earthquake,54,49,25,22,25,15,49,40,14,13
0,NONE,3845754,1,cyclone,0,0,0,0,0,0,0,0,0,0
2,MODERATE,801828,1,cyclone,2165,2239,857,647,1014,663,1807,2158,364,574
4,CATASTROPHIC,2968299,0,earthquake,33035,26576,16542,20647,16173,14548,25616,26996,7854,8359
2,MODERATE,4089058,0,earthquake,7730,8696,3689,4193,4073,2125,8617,8704,2214,2155
4,CATASTROPHIC,3276299,0,earthquake,35550,30479,22264,20957,14935,15862,31999,30097,9850,9982
4,CATASTROPHIC,2054579,0,earthquake,19330,22410,12586,12339,10247,10361,21024,19872,6997,5240
0,NONE,2122771,1,cyclone,0,0,0,0,0,0,0,0,0,0
1,MINOR,4433042,0,earthquake,2128,2605,1272,966,893,477,2661,2309,499,403
3,SEVERE,4528849,0,earthquake,20253,26079,14036,13223,9242,9673,24407,23139,5155,4089
2,MODERATE,982159,0,earthquake,2073,2227,1033,984,907,467,2123,1669,545,477
4,CATASTROPHIC,4270260,1,cyclone,69882,53821,29326,23402,25355,36590,57943,58728,12950,16392
1,MINOR,271015,0,earthquake,142,152,82,58,53,25,120,156,23,27
2,MODERATE,3101498,1,cyclone,8961,9128,3431,2145,4054,2069,7467,9672,1359,2089
2,MODERATE,2777226,1,cyclone,6868,8413,2846,2405,3961,1837,8042,8056,1518,1659
2,MODERATE,911118,1,cyclone,2217,2658,940,811,1142,852,2342,2706,428,551
0,NONE,1899625,1,cyclone,0,0,0,0,0,0,0,0,0,0
0,NONE,4703493,1,cyclone,0,0,0,0,0,0,0,0,0,0
4,CATASTROPHIC,4247415,0,earthquake,42179,45424,33286,33047,22003,22977,49871,44655,11812,13485
4,CATASTROPHIC,2706241,0,earthquake,26961,20708,19818,19164,15095,12516,22987,27518,8427,8194
4,CATASTROPHIC,4901503,1,cyclone,59520,67323,30099,27029,31190,43105,66705,60475,14800,20149
0,NONE,449107,1,cyclone,0,0,0,0,0,0,0,0,0,0
2,MODERATE,1632710,0,earthquake,2895,2954,1537,1402,1674,765,3433,3597,679,765
0,NONE,4647699,1,cyclone,0,0,0,0,0,0,0,0,0,0
3,SEVERE,1423992,0,earthquake,6954,6481,4450,4392,2571,2712,7732,7652,1330,1660
2,MODERATE,1429537,1,cyclone,3134,3589,1382,1092,1472,1144,3832,4030,703,765
4,CATASTROPHIC,4418970,0,earthquake,38943,36727,32334,30626,24123,23219,38688,44203,13209,14597
4,CATASTROPHIC,2493928,1,cyclone,31718,35460,16178,15055,16020,15791,32975,40690,8379,9558
1,MINOR,4560386,0,earthquake,1999,2209,1196,844,843,413,2401,2049,539,501
4,CATASTROPHIC,868250,1,cyclone,11513,10887,6209,4002,5762,6091,11629,13659,2460,2876
0,NONE,995886,1,cyclone,0,0,0,0,0,0,0,0,0,0
0,NONE,920645,0,earthquake,0,0,0,0,0,0,0,0,0,0
2,MODERATE,1162492,0,earthquake,2336,3240,1015,1285,1035,629,2655,2244,538,572
1,MINOR,1361325,0,earthquake,667,710,427,296,259,146,769,670,117,154
2,MODERATE,4131328,1,cyclone,10492,9612,3901,3453,4775,2912,10681,12060,2221,2149
0,NONE,2465420,0,earthquake,0,0,0,0,0,0,0,0,0,0
1,MINOR,2046366,1,cyclone,1369,1328,622,325,397,253,1477,1647,174,242
0,NONE,4455124,0,earthquake,0,0,0,0,0,0,0,0,0,0
0,NONE,4178761,0,earthquake,0,0,0,0,0,0,0,0,0,0
2,MODERATE,2111308,1,cyclone,5539,5711,2232,1746,2507,1588,5828,5957,938,1124
2,MODERATE,2372094,1,cyclone,5945,5990,2343,2134,3028,1446,5785,6049,1311,1340
4,CATASTROPHIC,2008463,0,earthquake,20239,19606,15083,14049,10187,11159,22433,20624,6088,6420
2,MODERATE,355641,0,earthquake,558,529,343,440,414,198,712,822,168,156
2,MODERATE,2146446,1,cyclone,4840,5302,2102,1737,2645,1659,5157,7120,1025,1345
4,CATASTROPHIC,4184677,0,earthquake,38897,44042,26035,27849,16518,18101,43444,43814,13130,13352
3,SEVERE,1523525,1,cyclone,10594,10134,4812,3463,3654,5236,9164,10596,1486,1825
2,MODERATE,4079185,1,cyclone,11209,10256,3508,2519,4755,2709,11535,10338,2147,2128
3,SEVERE,2540195,1,cyclone,18286,15642,8490,6220,5780,6818,19655,17930,2391,3490
1,MINOR,1711723,1,cyclone,1206,1232,570,287,485,261,1137,1325,168,222
1,MINOR,3554719,0,earthquake,1654,1763,929,707,648,429,1720,1564,380,312
0,NONE,4363032,1,cyclone,0,0,0,0,0,0,0,0,0,0
4,CATASTROPHIC,2207505,0,earthquake,18451,21995,15185,14997,11091,10248,21580,22065,8325,5119
0,NONE,1161993,1,cyclone,0,0,0,0,0,0,0,0,0,0
1,MINOR,2495469,0,earthquake,1045,1251,684,486,489,270,1184,1334,209,271
0,NONE,262884,1,cyclone,0,0,0,0,0,0,0,0,0,0
4,CATASTROPHIC,3613944,1,cyclone,43208,48127,28048,25887,23090,26906,42407,48595,11305,11995
0,NONE,4862692,1,cyclone,0,0,0,0,0,0,0,0,0,0
0,NONE,456710,1,cyclone,0,0,0,0,0,0,0,0,0,0
2,MODERATE,275321,1,cyclone,695,590,235,221,370,228,723,731,121,172
1,MINOR,2217435,1,cyclone,1540,1408,639,316,526,327,1550,1786,230,275
1,MINOR,1555476,0,earthquake,591,941,424,332,300,177,702,722,147,164
1,MINOR,4008465,1,cyclone,3108,2524,1358,653,998,674,2592,2951,373,424
0,NONE,2686059,1,cyclone,0,0,0,0,0,0,0,0,0,0
2,MODERATE,2199024,1,cyclone,5796,6006,2221,1799,2624,1856,6376,5816,1206,1316
2,MODERATE,2596016,0,earthquake,5074,5354,2812,2219,2314,1212,4812,5107,1517,1450
2,MODERATE,1545181,1,cyclone,3536,4405,1517,1164,1863,1246,4152,5253,763,966
4,CATASTROPHIC,829261,0,earthquake,7626,8902,5666,5327,4183,4489,7331,7312,2467,2214
1,MINOR,4244752,1,cyclone,2517,3680,1340,676,917,667,3173,3093,350,473
1,MINOR,387661,1,cyclone,243,229,122,66,86,63,228,252,34,42
3,SEVERE,3384106,0,earthquake,18255,17862,9223,9468,7965,7322,14533,19165,4147,3375
0,NONE,4279013,0,earthquake,0,0,0,0,0,0,0,0,0,0
1,MINOR,3172850,1,cyclone,1894,2240,971,527,789,538,1838,2757,274,428
1,MINOR,1955559,1,cyclone,1334,1298,444,266,439,306,1203,1460,187,238
1,MINOR,4623039,1,cyclone,2589,3150,1459,926,1203,680,2813,3625,423,562
1,MINOR,1799218,1,cyclone,1343,1282,571,312,459,266,1165,1454,193,241
2,MODERATE,2486907,1,cyclone,6177,6558,2681,1875,2978,2122,7255,7685,1206,1473
3,SEVERE,1691907,0,earthquake,9486,8365,5177,5352,3568,3640,9312,9098,1164,1758
2,MODERATE,3226314,0,earthquake,7205,7418,3340,2809,3257,1392,8055,6637,1742,1553
4,CATASTROPHIC,4015047,1,cyclone,47712,57924,30578,27270,27979,33711,48619,55971,10987,14236
1,MINOR,3148821,0,earthquake,1596,1436,832,595,521,352,1655,1438,298,338
0,NONE,4437166,0,earthquake,0,0,0,0,0,0,0,0,0,0
2,MODERATE,4986878,0,earthquake,9986,10315,4037,4451,4941,2621,10155,10532,2224,2097
2,MODERATE,88410,0,earthquake,161,193,90,83,82,46,180,155,35,52
4,CATASTROPHIC,3857240,1,cyclone,53409,48148,25296,22911,26131,30451,62093,62437,11590,13440
0,NONE,990315,1,cyclone,0,0,0,0,0,0,0,0,0,0
2,MODERATE,1596817,1,cyclone,3931,4857,1571,1279,2066,1065,3936,4665,950,838
2,MODERATE,3556971,1,cyclone,11383,10225,3217,2377,4529,2719,9836,9596,2110,2151
0,NONE,4145327,1,cyclone,0,0,0,0,0,0,0,0,0,0
2,MODERATE,3346144,0,earthquake,7652,6203,3512,3485,3371,1777,7500,6208,1471,1638
2,MODERATE,4237690,1,cyclone,11841,11806,4745,2892,5873,3414,11553,11750,2316,2833
0,NONE,1889572,1,cyclone,0,0,0,0,0,0,0,0,0,0
3,SEVERE,15090,0,earthquake,87,70,46,43,31,25,72,71,14,11
2,MODERATE,1819893,1,cyclone,3980,5101,2169,1397,2057,1357,4359,4759,850,1067
3,SEVERE,3969306,0,earthquake,20233,17123,12734,11027,7042,7122,18572,17552,4084,3538
3,SEVERE,1762994,1,cyclone,11571,11227,4458,4882,4752,5662,10684,9894,1897,2193
1,MINOR,3895504,1,cyclone,2437,3033,1267,634,938,587,2704,2671,406,424
3,SEVERE,2388632,0,earthquake,10844,12621,7848,5449,4259,4553,10971,12705,2176,2151
0,NONE,513720,0,earthquake,0,0,0,0,0,0,0,0,0,0
4,CATASTROPHIC,2776502,0,earthquake,26557,24991,21005,14170,14498,11778,31316,26841,8795,8488
2,MODERATE,4895640,0,earthquake,10926,10396,4756,5133,5399,2353,9858,9044,2660,2570
3,SEVERE,3320591,1,cyclone,21161,23539,9264,9019,7447,12079,21907,24173,3469,4107
4,CATASTROPHIC,558918,1,cyclone,7888,7682,3991,3181,3371,4230,7044,9572,1804,2015
3,SEVERE,4857677,1,cyclone,28957,29575,14545,9285,8853,15483,31747,28831,4901,5659
2,MODERATE,3716112,1,cyclone,8320,10099,4202,2546,4659,2939,9380,11841,1823,2406
1,MINOR,1506954,1,cyclone,1120,819,505,227,413,248,873,1195,140,190
0,NONE,900441,0,earthquake,0,0,0,0,0,0,0,0,0,0
4,CATASTROPHIC,410486,0,earthquake,4283,3860,2601,3052,1813,2387,4087,4931,1441,1283
4,CATASTROPHIC,2445319,1,cyclone,35991,32928,14227,15273,15472,17395,32631,36799,8420,7916
4,CATASTROPHIC,3706378,0,earthquake,34689,38622,27365,33672,17085,14963,29613,37846,12258,10130
0,NONE,1988896,0,earthquake,0,0,0,0,0,0,0,0,0,0
3,SEVERE,1892774,0,earthquake,9440,10661,5589,5547,4004,3902,8939,10557,1711,2002
1,MINOR,3022347,0,earthquake,1487,1638,860,686,610,329,1415,1553,329,311
2,MODERATE,43520,0,earthquake,80,84,42,43,35,21,83,86,24,26
2,MODERATE,2084734,1,cyclone,4943,5951,2284,1395,2682,1615,5295,6407,1069,1319
4,CATASTROPHIC,4952209,0,earthquake,53110,57474,38545,32884,23939,20874,55890,44685,14144,15686
1,MINOR,3706,1,cyclone,2,2,1,0,0,0,2,2,0,0
4,CATASTROPHIC,4138818,0,earthquake,46196,42431,27382,24458,20871,17902,35225,41302,11468,12845
4,CATASTROPHIC,598466,1,cyclone,6453,7663,3847,2940,3472,3973,7652,9192,1647,2246
2,MODERATE,3249394,0,earthquake,5791,5473,3102,3056,2706,1529,6725,7705,1715,1755
1,MINOR,4073599,1,cyclone,2242,3193,1377,712,932,572,2779,2764,453,372
4,CATASTROPHIC,2790356,0,earthquake,26188,27343,20301,17846,15471,15605,29595,28098,5867,8726
3,SEVERE,4483979,0,earthquake,18209,20432,15375,12484,9344,7989,24720,23776,4381,4587
3,SEVERE,1260057,0,earthquake,7222,6862,3473,4032,2455,2804,6439,5371,1229,1156
1,MINOR,1733994,0,earthquake,890,945,492,388,287,158,1044,767,195,172
3,SEVERE,3734626,1,cyclone,21672,27885,11409,8521,9274,10607,20753,25357,4591,4413
1,MINOR,4435638,1,cyclone,2941,3535,1383,675,954,617,3117,3307,468,517
0,NONE,3841302,1,cyclone,0,0,0,0,0,0,0,0,0,0
1,MINOR,3046461,0,earthquake,1528,1521,883,576,681,306,1525,1400,325,274
2,MODERATE,3259474,0,earthquake,6250,6726,3319,3246,3263,1639,6603,6558,1449,1604
1,MINOR,4801496,1,cyclone,3418,3569,1315,755,1116,719,3120,3821,488,647
3,SEVERE,212757,1,cyclone,1488,1287,693,400,492,692,1124,1919,233,230
3,SEVERE,2087484,0,earthquake,11112,9822,6480,6159,3887,3959,9756,10427,2086,1972
4,CATASTROPHIC,4453789,0,earthquake,50374,49388,30829,32411,22479,19149,50877,43398,13392,13411
3,SEVERE,2005632,0,earthquake,10635,9713,6102,5229,3708,4634,10081,10960,2052,2269
3,SEVERE,2872897,0,earthquake,17056,15755,7790,7980,6320,6442,13885,13673,2836,2956
0,NONE,447418,1,cyclone,0,0,0,0,0,0,0,0,0,0
3,SEVERE,2692620,0,earthquake,13366,15313,7985,7139,4945,4992,13298,14009,2515,2905
2,MODERATE,4844440,1,cyclone,13414,17094,5339,3735,4786,3893,10046,13385,2242,2871
4,CATASTROPHIC,2769427,1,cyclone,39792,44270,18916,17171,15469,18618,39893,42647,8634,11805
3,SEVERE,3940470,0,earthquake,19885,22680,11761,10457,8536,7851,23788,20813,4315,3322
3,SEVERE,441821,0,earthquake,2132,1805,1425,1159,877,897,2213,2467,439,460
3,SEVERE,3372668,0,earthquake,17918,18307,8836,11964,6760,6661,17489,18359,3417,3406
0,NONE,947165,0,earthquake,0,0,0,0,0,0,0,0,0,0
2,MODERATE,3085922,0,earthquake,5711,6451,3061,3274,3118,1453,5791,6456,1563,1638
2,MODERATE,4413287,0,earthquake,7417,9791,5038,4480,4704,2422,8667,9031,2313,2091
0,NONE,1991397,1,cyclone,0,0,0,0,0,0,0,0,0,0
4,CATASTROPHIC,2944739,0,earthquake,25993,29594,21285,18434,15490,15749,26435,30876,9037,8530
3,SEVERE,4190316,1,cyclone,28935,29377,12785,10069,9623,12567,28573,31030,4366,4607
3,SEVERE,2599529,0,earthquake,13660,12122,7358,7470,5180,4895,13739,12491,2889,2385
4,CATASTROPHIC,2020521,1,cyclone,25309,29310,14214,10234,9384,13986,22939,26645,5616,7868
2,MODERATE,979413,1,cyclone,2398,2666,945,731,1146,750,2324,3232,480,645
4,CATASTROPHIC,1407942,0,earthquake,14959,13476,10547,10961,6426,6858,12710,14023,4787,4224
1,MINOR,3191545,1,cyclone,2194,2112,1038,507,824,520,1855,2230,306,450
3,SEVERE,2798494,1,cyclone,19518,17671,6968,6081,6865,8720,18815,18725,3035,3587
2,MODERATE,1206374,1,cyclone,3369,3504,1338,750,1489,978,3464,3910,530,827
3,SEVERE,4704468,0,earthquake,29605,23827,13871,15086,9126,8763,19771,22121,3806,4837
4,CATASTROPHIC,2441754,0,earthquake,24944,26118,15329,14633,14720,12112,26126,24742,7870,7492
0,NONE,3205517,0,earthquake,0,0,0,0,0,0,0,0,0,0
3,SEVERE,3130510,0,earthquake,15342,14863,7581,9208,6073,6231,14818,16107,3978,3375
2,MODERATE,4184863,0,earthquake,7499,8403,4584,3710,4279,1968,8956,7701,2253,2059
1,MINOR,4614179,1,cyclone,2682,2712,1412,612,1052,666,2925,3765,510,512
4,CATASTROPHIC,4679041,0,earthquake,44897,48046,32837,31210,24083,25204,45925,44635,13556,10811
2,MODERATE,961091,1,cyclone,2986,2929,925,731,1187,763,2572,2505,471,607
3,SEVERE,4685615,1,cyclone,35233,29190,14393,10469,9776,14729,31068,35742,4463,6999
0,NONE,1860813,0,earthquake,0,0,0,0,0,0,0,0,0,0
0,NONE,396510,0,earthquake,0,0,0,0,0,0,0,0,0,0
4,CATASTROPHIC,363891,0,earthquake,3258,3681,2884,2482,1716,1479,4051,3631,1012,1122
4,CATASTROPHIC,4090541,1,cyclone,55986,52953,27341,19407,24707,30851,63056,58070,9575,14398
2,MODERATE,1293578,1,cyclone,3728,3785,1236,918,1399,911,3576,3849,530,800
1,MINOR,3102681,0,earthquake,1753,1399,852,631,635,294,1505,1565,297,298
2,MODERATE,1437270,1,cyclone,3987,3829,1421,1215,1739,1112,4227,4154,644,784
1,MINOR,4743071,1,cyclone,3558,3388,1771,790,1092,729,3539,3301,502,594
3,SEVERE,2481410,0,earthquake,13198,13104,8610,8764,5147,5076,11215,12162,2368,2723
3,SEVERE,337835,0,earthquake,1912,1483,976,962,717,678,1670,1377,367,330
4,CATASTROPHIC,2383111,0,earthquake,21143,25057,15512,18566,11940,12823,24674,26356,8496,7553
0,NONE,888927,1,cyclone,0,0,0,0,0,0,0,0,0,0
3,SEVERE,667056,1,cyclone,3524,4551,1947,1767,1793,1980,4245,4614,659,595
4,CATASTROPHIC,4714245,1,cyclone,58518,65466,30409,24700,27440,35333,66573,73729,15388,17943
2,MODERATE,2667009,1,cyclone,5943,7188,2312,1969,3241,1825,7826,7164,1252,1736
2,MODERATE,268496,1,cyclone,820,707,262,194,304,179,763,796,93,151
1,MINOR,2431797,0,earthquake,1307,907,729,517,527,223,1342,1151,239,232
2,MODERATE,3586564,0,earthquake,7400,8252,2972,3928,3721,1655,6800,6229,1995,1606
1,MINOR,873900,1,cyclone,647,599,290,136,197,113,627,631,89,97
2,MODERATE,3865712,1,cyclone,10033,11046,3187,2881,5369,2662,10957,11975,2031,2466
0,NONE,4908855,1,cyclone,0,0,0,0,0,0,0,0,0,0
3,SEVERE,4854256,1,cyclone,25881,28842,14321,12537,9782,14023,34820,40619,4706,4659
3,SEVERE,1922598,0,earthquake,10129,8748,5825,5946,4338,3303,8765,11164,1967,1757
3,SEVERE,886040,0,earthquake,4292,4285,2760,2959,1686,2204,5298,5019,941,1063
2,MODERATE,1849546,1,cyclone,4435,5175,1727,1489,2338,1389,5337,5022,871,1275
4,CATASTROPHIC,1438045,1,cyclone,19853,21989,10258,6752,7063,13031,17700,20240,4420,5461
4,CATASTROPHIC,279122,0,earthquake,3210,2564,2143,1878,1376,1242,2318,2782,757,915
3,SEVERE,205257,0,earthquake,1168,1191,677,632,416,455,1013,1161,185,225
1,MINOR,2283370,1,cyclone,1359,1591,713,342,553,271,1597,1851,263,289
2,MODERATE,2507045,1,cyclone,5339,7706,2670,2227,3507,1659,7128,7330,1374,1780
1,MINOR,4083989,1,cyclone,2823,2913,1106,601,1144,809,2849,2754,485,468
3,SEVERE,4748572,1,cyclone,32438,35687,14710,11548,11799,13839,32739,42563,4968,6334
4,CATASTROPHIC,4045204,1,cyclone,61489,55812,27355,22094,28203,32934,60200,62581,12183,15180
2,MODERATE,4108621,0,earthquake,7296,6950,3753,4393,4415,2007,8482,7800,1905,2136
4,CATASTROPHIC,4844242,1,cyclone,69193,70812,36939,23365,34159,41044,59642,66943,15617,14715
1,MINOR,2693176,1,cyclone,1951,1819,797,440,590,374,1945,1908,301,342
4,CATASTROPHIC,497637,1,cyclone,5257,7761,3714,3021,3065,3245,6429,7105,1395,2084
0,NONE,354489,1,cyclone,0,0,0,0,0,0,0,0,0,0
2,MODERATE,2202786,0,earthquake,4739,4090,2218,2419,2088,1082,3898,4822,1118,1054
1,MINOR,1175836,1,cyclone,593,835,328,193,246,185,884,860,94,140
0,NONE,3708982,0,earthquake,0,0,0,0,0,0,0,0,0,0
4,CATASTROPHIC,4356275,1,cyclone,60970,59601,32200,23747,26585,33512,60458,68479,11965,18537
2,MODERATE,3685378,1,cyclone,9607,11263,2804,3185,4760,2828,7419,10257,1654,2468
3,SEVERE,4430410,1,cyclone,25332,32731,12906,11784,10876,12433,26567,31760,3060,6257
3,SEVERE,3731647,1,cyclone,16719,24940,12796,9357,7994,10761,22808,30982,4093,4128
0,NONE,4485893,1,cyclone,0,0,0,0,0,0,0,0,0,0
2,MODERATE,54765,1,cyclone,143,170,49,50,68,41,159,144,28,34
3,SEVERE,1518675,0,earthquake,7398,7971,4295,4944,2890,2867,9375,6655,1637,1244
0,NONE,3664826,0,earthquake,0,0,0,0,0,0,0,0,0,0
2,MODERATE,2109524,0,earthquake,4103,3543,1420,1856,2027,1063,3666,4085,1079,993
3,SEVERE,4103895,1,cyclone,28419,23937,11940,10003,9502,13053,22564,27325,3969,5090
4,CATASTROPHIC,4385238,0,earthquake,42922,38861,30718,33029,23661,23121,41140,41001,14202,14223
4,CATASTROPHIC,407988,0,earthquake,3961,4576,3046,3176,1906,2006,3302,4491,1388,1093
1,MINOR,604404,0,earthquake,269,292,192,120,113,64,322,296,58,57
4,CATASTROPHIC,2664482,0,earthquake,24612,26213,17181,19125,13540,16627,24616,26615,7228,9544
4,CATASTROPHIC,3677663,1,cyclone,43335,47988,23831,18355,23968,29197,42632,56089,10677,13081
3,SEVERE,2944633,1,cyclone,15327,20653,8490,6909,6608,8823,15930,22142,2191,3272
0,NONE,2902503,0,earthquake,0,0,0,0,0,0,0,0,0,0
3,SEVERE,3446893,0,earthquake,13075,18002,9522,11516,6692,6232,16832,18863,3303,3819
3,SEVERE,4795452,1,cyclone,32349,34025,12812,14234,10929,15010,29154,27780,4352,4921
1,MINOR,3083634,0,earthquake,1710,1448,877,551,622,286,1694,1588,290,334
4,CATASTROPHIC,1610170,0,earthquake,15563,14046,12050,11305,8392,8879,16525,15741,4433,5264
1,MINOR,3248758,1,cyclone,1963,2342,987,506,841,501,2685,2869,291,436
2,MODERATE,443919,1,cyclone,1191,1057,439,391,473,333,940,1157,239,258
2,MODERATE,689318,0,earthquake,1345,1344,771,744,676,370,1115,1049,313,303
0,NONE,2511088,0,earthquake,0,0,0,0,0,0,0,0,0,0
2,MODERATE,4450819,1,cyclone,9273,12135,3958,3079,5066,4163,12303,11842,2494,2321
2,MODERATE,960109,1,cyclone,2448,2500,1040,843,1346,852,1970,3018,417,642
1,MINOR,3845377,1,cyclone,2629,2712,1051,739,999,608,2750,2954,434,464
4,CATASTROPHIC,1632155,1,cyclone,22422,23498,11423,9693,10153,13127,21881,26147,5204,5826
4,CATASTROPHIC,1952151,0,earthquake,19172,19607,14911,14686,10665,10519,19729,19492,6103,6707
2,MODERATE,2746651,1,cyclone,7809,8140,2463,2046,3122,2296,6453,7207,1432,1936
4,CATASTROPHIC,370613,0,earthquake,3982,3549,2251,2506,1706,2075,3693,3884,1166,1040
1,MINOR,3872448,1,cyclone,2261,2654,1038,658,748,586,2647,2878,429,401
3,SEVERE,2551673,0,earthquake,12636,13826,8703,8869,6022,4424,11852,10970,2830,2507
2,MODERATE,1595235,1,cyclone,3861,4110,1792,1365,1525,1140,4545,5318,830,974
3,SEVERE,3366983,0,earthquake,14819,14122,10310,9653,7221,7060,19709,17515,3723,3080
0,NONE,4567288,0,earthquake,0,0,0,0,0,0,0,0,0,0
1,MINOR,4365882,0,earthquake,2343,1881,1112,940,717,385,2163,1900,385,418
2,MODERATE,641651,1,cyclone,1597,2008,680,436,797,510,1940,1890,338,394
0,NONE,4950210,1,cyclone,0,0,0,0,0,0,0,0,0,0
4,CATASTROPHIC,4673329,1,cyclone,52957,66370,32346,22725,23994,32849,56793,68422,14199,17655
4,CATASTROPHIC,2123339,1,cyclone,25125,30112,16778,12240,14106,16098,25844,34590,5473,7217
1,MINOR,4690691,1,cyclone,3437,3561,1512,815,1238,623,3721,3908,460,583
4,CATASTROPHIC,2023408,1,cyclone,27803,32193,14513,12447,13810,15567,29393,30997,6066,6814
4,CATASTROPHIC,304938,1,cyclone,3791,4086,2395,1586,1802,2212,4146,5626,897,939
1,MINOR,3006854,0,earthquake,1493,1319,1046,717,574,258,1554,1430,336,277
0,NONE,149740,0,earthquake,0,0,0,0,0,0,0,0,0,0
1,MINOR,465712,0,earthquake,240,246,166,97,102,49,227,248,45,44
4,CATASTROPHIC,3590814,1,cyclone,48107,44607,28905,18616,23826,28560,47682,55189,8772,12275
0,NONE,3333627,0,earthquake,0,0,0,0,0,0,0,0,0,0
4,CATASTROPHIC,3102079,0,earthquake,28939,34395,20767,20330,16327,13117,33833,29773,10226,10505
3,SEVERE,171134,1,cyclone,1183,1100,449,351,456,506,1045,1266,189,221
4,CATASTROPHIC,1823872,1,cyclone,28750,27863,13480,10319,9691,13730,27514,23589,5782,7481
2,MODERATE,2253729,1,cyclone,6706,5742,2130,1821,2827,1906,5741,7400,837,1316
1,MINOR,3462570,0,earthquake,1846,1767,1168,695,706,333,1546,1827,291,314
0,NONE,3451632,0,earthquake,0,0,0,0,0,0,0,0,0,0
2,MODERATE,3117034,0,earthquake,5422,5894,3232,2807,2799,1470,5645,5546,1384,1625
0,NONE,836538,1,cyclone,0,0,0,0,0,0,0,0,0,0
2,MODERATE,1123112,1,cyclone,2936,3294,1145,941,1404,986,3005,3047,595,723
1,MINOR,3776214,0,earthquake,1770,2046,1057,738,879,339,1813,2103,345,305
4,CATASTROPHIC,1023519,1,cyclone,13253,13894,6797,5775,5835,7141,13611,15529,3382,4428
1,MINOR,3595174,1,cyclone,2417,2720,1046,536,882,539,2571,1987,326,455
4,CATASTROPHIC,4782085,0,earthquake,46073,49134,37296,36260,21935,23977,44478,41123,15268,15784
2,MODERATE,4476741,1,cyclone,11087,12829,5169,3948,5057,3330,10815,13738,2247,2376
3,SEVERE,3616530,1,cyclone,24539,21428,10620,9530,7598,11037,22023,26028,4215,3623
1,MINOR,1257279,1,cyclone,774,782,405,197,292,190,803,754,119,164
0,NONE,4874304,1,cyclone,0,0,0,0,0,0,0,0,0,0
1,MINOR,2581917,1,cyclone,1634,2148,760,447,739,392,1447,1954,242,301
3,SEVERE,73415,0,earthquake,378,334,213,236,151,143,343,378,85,66
2,MODERATE,2377526,1,cyclone,5140,6747,2472,1767,3475,1829,5725,6724,1094,1318
4,CATASTROPHIC,2134785,1,cyclone,28925,36393,16296,10718,12852,14204,27813,27516,6254,7602
0,NONE,1843678,1,cyclone,0,0,0,0,0,0,0,0,0,0
1,MINOR,1564589,0,earthquake,869,803,486,293,367,143,698,814,128,158
3,SEVERE,3865970,1,cyclone,22120,29719,9790,9536,8852,11717,24539,25713,3750,4860
0,NONE,1880993,1,cyclone,0,0,0,0,0,0,0,0,0,0
2,MODERATE,1318638,1,cyclone,3901,4867,1377,910,1669,1026,3005,3694,630,819
4,CATASTROPHIC,1462345,0,earthquake,12908,11885,10879,10321,7888,6789,13533,15124,4777,4819
1,MINOR,4392037,1,cyclone,3134,3502,1222,756,933,643,3351,3093,488,580
1,MINOR,4262017,1,cyclone,2775,2894,1279,896,950,524,2586,3373,451,456
2,MODERATE,2360998,1,cyclone,6072,5933,2168,2154,2704,1780,5157,6915,1513,1670
0,NONE,4210254,0,earthquake,0,0,0,0,0,0,0,0,0,0
0,NONE,4939797,0,earthquake,0,0,0,0,0,0,0,0,0,0
2,MODERATE,1340077,1,cyclone,3739,4002,1261,1071,1695,889,4033,3403,531,944
4,CATASTROPHIC,3751301,0,earthquake,36474,37923,28631,26747,22736,20886,39342,33998,11088,11792
0,NONE,2631962,0,earthquake,0,0,0,0,0,0,0,0,0,0
2,MODERATE,4545534,1,cyclone,12537,13041,5122,2903,5118,3475,13345,12127,2090,3085
0,NONE,1687904,1,cyclone,0,0,0,0,0,0,0,0,0,0
3,SEVERE,820543,1,cyclone,5654,6139,2631,1840,1905,2308,6394,7112,851,987
2,MODERATE,2209185,0,earthquake,4517,3597,2472,2473,2291,812,4422,3923,1119,1102
2,MODERATE,2311952,1,cyclone,5693,7513,2338,1783,2600,1767,5955,6043,1339,1340
4,CATASTROPHIC,2029848,0,earthquake,22881,21110,15624,14874,9103,10568,18084,17811,6259,5729
1,MINOR,3176564,0,earthquake,1733,1564,924,620,576,363,1769,1395,343,259
1,MINOR,2226960,0,earthquake,918,1178,678,458,390,210,1157,1053,188,216
4,CATASTROPHIC,1586105,1,cyclone,20417,21009,12865,10407,9619,11082,18538,24817,4173,5021
0,NONE,3849318,0,earthquake,0,0,0,0,0,0,0,0,0,0
1,MINOR,1230196,0,earthquake,625,692,408,216,270,137,605,646,129,112
2,MODERATE,1447872,1,cyclone,4172,3803,1477,1093,1720,1306,3956,4441,826,645
1,MINOR,1757801,0,earthquake,716,938,494,360,335,168,824,945,172,171
4,CATASTROPHIC,3895723,0,earthquake,43393,33109,31382,25072,17055,19209,44796,36182,10984,11062
2,MODERATE,1246021,1,cyclone,3384,3530,1232,947,1789,1195,2953,3337,625,577
3,SEVERE,1827420,0,earthquake,9373,8348,5432,5174,3987,3657,8085,9061,2007,1606
1,MINOR,2860900,1,cyclone,2001,2140,1051,551,733,453,2060,2020,269,366
4,CATASTROPHIC,4239341,0,earthquake,43058,38763,29752,33548,21371,21380,43788,44340,12297,13163
3,SEVERE,1282754,1,cyclone,7778,9401,3909,3037,3291,3994,8096,8624,1177,1313
1,MINOR,349208,0,earthquake,165,172,115,76,69,39,139,207,37,35
1,MINOR,2512514,0,earthquake,1306,1196,861,458,511,268,1246,1272,246,228
0,NONE,2569129,1,cyclone,0,0,0,0,0,0,0,0,0,0
3,SEVERE,4881601,1,cyclone,24854,36728,14909,11999,11974,13958,28717,36951,4230,6022
2,MODERATE,4333406,1,cyclone,11916,12800,4196,2623,5897,3390,9857,13482,2210,2940
4,CATASTROPHIC,1524720,1,cyclone,20216,19703,11391,8516,8276,10681,17569,25294,5479,6123
3,SEVERE,1527303,0,earthquake,7414,6883,5473,4108,2795,2994,7550,8096,1424,1223
1,MINOR,1480906,0,earthquake,798,683,341,318,305,169,698,753,123,158
3,SEVERE,223341,1,cyclone,1393,1621,662,426,606,808,1426,1524,256,318
1,MINOR,496632,1,cyclone,288,377,132,79,145,69,297,412,43,66
2,MODERATE,2222959,0,earthquake,4249,4271,2107,2518,2224,1328,4548,4363,1087,1033
2,MODERATE,3668220,0,earthquake,7143,7721,3527,3409,4075,1891,7884,7185,1981,1639
3,SEVERE,2256643,0,earthquake,11203,11005,6147,7314,5355,4787,10776,12847,2337,2158
2,MODERATE,3231348,1,cyclone,7189,8760,3403,2399,3151,2779,10916,9233,1513,1677
2,MODERATE,1206007,0,earthquake,2079,2702,1072,1204,971,488,2361,3183,569,644
4,CATASTROPHIC,3750211,1,cyclone,42705,43191,23640,22725,22482,27035,45382,55796,11284,11995
2,MODERATE,2770996,0,earthquake,5706,5524,2377,3131,2767,1334,5864,4900,1167,1462
2,MODERATE,4780065,0,earthquake,10656,9833,5165,4174,4608,2232,10542,10032,2636,2242
2,MODERATE,4333626,1,cyclone,12531,12760,4744,3106,5350,3983,11000,13066,2169,2571
1,MINOR,4392505,1,cyclone,3319,3059,1478,903,968,694,2522,3248,548,561
3,SEVERE,3403121,1,cyclone,26882,22566,9742,9600,8958,9756,23802,24912,3344,3754
2,MODERATE,421723,0,earthquake,858,830,459,426,428,155,773,906,224,190
3,SEVERE,2465470,1,cyclone,18846,19752,7756,6098,4763,6848,15552,17160,2379,3342
0,NONE,686622,1,cyclone,0,0,0,0,0,0,0,0,0,0
2,MODERATE,3241624,1,cyclone,8791,9788,3391,2806,3358,2756,9311,9361,1778,2181
0,NONE,3175067,0,earthquake,0,0,0,0,0,0,0,0,0,0
1,MINOR,4013262,0,earthquake,1783,1633,1277,650,686,374,1949,2127,360,454
3,SEVERE,1617044,0,earthquake,8097,8895,5516,4836,3358,2941,9446,7950,1630,1551
1,MINOR,4314635,0,earthquake,2321,2233,1265,943,892,390,1943,2189,470,502
3,SEVERE,3428727,1,cyclone,18325,24062,10789,8472,9059,10960,20090,23105,3535,4522
1,MINOR,3110883,0,earthquake,1392,1663,900,629,688,273,1491,1474,322,335
4,CATASTROPHIC,659209,1,cyclone,10173,7927,5093,3675,3702,5014,7881,10119,1919,2291
1,MINOR,4945272,1,cyclone,3699,4087,1395,875,1229,636,2916,4284,423,728
3,SEVERE,4397358,1,cyclone,28899,30479,13467,10785,11805,12706,28244,34503,4119,4791
3,SEVERE,2318256,0,earthquake,9787,12903,7220,7854,4711,4619,11736,10780,2029,2090
4,CATASTROPHIC,4334927,0,earthquake,45857,45049,32653,34233,23353,23546,34341,42018,14259,11485
2,MODERATE,4718639,1,cyclone,12553,12997,4577,3891,4851,3180,12704,12707,1877,3284
3,SEVERE,1004711,0,earthquake,5108,4675,2890,3100,1948,1836,4596,4703,970,976
3,SEVERE,649910,0,earthquake,3161,3068,1958,1699,1237,1377,3044,3751,665,700
2,MODERATE,559453,1,cyclone,1641,1330,589,417,607,509,1316,1373,306,319
3,SEVERE,2473715,1,cyclone,15882,17871,8803,5802,5927,8139,15630,17010,1932,3365
4,CATASTROPHIC,2360911,1,cyclone,31424,34857,15722,14119,13338,17994,31022,39413,7540,7966
1,MINOR,3531556,0,earthquake,1448,1839,1048,582,572,344,1811,1817,331,333
1,MINOR,4641133,0,earthquake,1965,2325,1534,895,943,483,2167,2296,403,486
4,CATASTROPHIC,303883,1,cyclone,4297,4757,2388,1578,1910,2432,3704,5120,901,1163
1,MINOR,3585968,1,cyclone,2256,2485,1030,524,945,504,2241,2804,370,391
3,SEVERE,3575436,1,cyclone,24994,26373,10917,8210,8232,10509,20377,26710,3894,4666
0,NONE,2122888,1,cyclone,0,0,0,0,0,0,0,0,0,0
4,CATASTROPHIC,2049382,0,earthquake,19430,21015,13430,15308,10975,10252,16752,24008,6017,7813
3,SEVERE,1938257,0,earthquake,12014,10947,4618,7280,4133,3773,11122,7216,1832,1976
0,NONE,3323202,1,cyclone,0,0,0,0,0,0,0,0,0,0
1,MINOR,2714855,0,earthquake,1467,1463,846,531,501,300,1309,1148,245,252
4,CATASTROPHIC,3857248,0,earthquake,41751,37682,34464,32125,18678,18414,50654,34411,11508,11597
3,SEVERE,142513,1,cyclone,965,991,512,329,281,424,944,1001,131,150
2,MODERATE,273118,0,earthquake,508,626,272,308,262,144,506,502,111,141
4,CATASTROPHIC,182979,0,earthquake,1979,1881,1304,1340,1009,919,1640,1864,502,435
1,MINOR,4219140,1,cyclone,2837,3102,1406,609,973,551,2865,3553,398,542
2,MODERATE,4949898,0,earthquake,7688,11407,4410,5033,5645,2185,11641,11981,2645,2479
2,MODERATE,3306999,1,cyclone,9239,7395,3212,2490,3678,2304,7485,11458,1556,1955
3,SEVERE,3778239,1,cyclone,27831,18093,12492,10108,7133,11376,23486,27864,3859,4678
4,CATASTROPHIC,1349527,0,earthquake,9695,13431,8638,10864,7162,6905,12912,14031,3672,4008
1,MINOR,3495044,0,earthquake,1695,1828,1055,797,711,292,1723,1728,366,379
1,MINOR,3897562,0,earthquake,1940,1636,1339,866,830,405,2251,1791,354,431
2,MODERATE,2871642,0,earthquake,5234,4735,2943,3538,2856,1394,5798,7116,1397,1577
2,MODERATE,1738697,1,cyclone,4490,5693,1677,1299,2256,1211,4455,4528,885,1050
1,MINOR,3360002,0,earthquake,1702,1638,912,771,605,384,1704,1635,339,345
1,MINOR,4864578,1,cyclone,2930,3164,1336,822,982,673,3253,3209,454,454
1,MINOR,4614634,0,earthquake,2548,2431,1481,895,1117,452,2303,2081,459,453
2,MODERATE,4003815,0,earthquake,8215,7602,4449,3858,3956,2129,9878,7189,1758,1952
1,MINOR,2742361,1,cyclone,1722,1867,806,439,636,486,1478,2103,289,299
4,CATASTROPHIC,1958254,1,cyclone,25743,25282,15434,10515,10304,14629,27806,31002,5570,8299
1,MINOR,4154862,1,cyclone,2680,2410,1320,655,989,678,2630,3025,363,472
1,MINOR,3064762,1,cyclone,2087,2212,862,472,798,399,2058,2273,305,357
3,SEVERE,3953297,0,earthquake,18516,16271,12897,10320,8396,7175,18898,20397,4082,3995
0,NONE,4825783,1,cyclone,0,0,0,0,0,0,0,0,0,0
0,NONE,2281569,1,cyclone,0,0,0,0,0,0,0,0,0,0
1,MINOR,4693782,1,cyclone,2760,3316,1273,676,1143,778,2561,3980,411,545
3,SEVERE,3017454,1,cyclone,20549,24128,9119,7263,6363,10417,19873,22407,2777,4064
4,CATASTROPHIC,541301,0,earthquake,5555,5664,3908,3447,2520,2902,5202,5509,1282,1621
2,MODERATE,2108452,0,earthquake,3294,3619,2060,1681,1709,1124,3629,4640,914,828
0,NONE,130967,0,earthquake,0,0,0,0,0,0,0,0,0,0
4,CATASTROPHIC,182263,0,earthquake,2118,1807,1144,1249,856,834,2109,1824,603,569
0,NONE,358975,1,cyclone,0,0,0,0,0,0,0,0,0,0
3,SEVERE,736594,0,earthquake,3259,3836,2333,2449,1307,1251,3785,3577,950,770
0,NONE,883122,0,earthquake,0,0,0,0,0,0,0,0,0,0
0,NONE,3155081,0,earthquake,0,0,0,0,0,0,0,0,0,0
0,NONE,1145590,1,cyclone,0,0,0,0,0,0,0,0,0,0
4,CATASTROPHIC,1485291,0,earthquake,16354,11606,11803,10978,7496,8512,15010,13693,3790,4403
1,MINOR,2292323,0,earthquake,1006,1047,650,515,432,200,1161,1149,217,225
0,NONE,3682005,1,cyclone,0,0,0,0,0,0,0,0,0,0
1,MINOR,3708300,0,earthquake,1941,1500,1258,801,719,349,1877,1631,405,365
0,NONE,2349867,1,cyclone,0,0,0,0,0,0,0,0,0,0
3,SEVERE,4973173,1,cyclone,32869,34789,16456,11532,11476,15696,40064,37225,4651,5629
1,MINOR,4784872,0,earthquake,2304,2465,1422,831,925,360,2434,2509,438,452
4,CATASTROPHIC,2922889,1,cyclone,40157,52760,18795,12987,18016,22797,43986,52193,7401,10341
1,MINOR,4192700,1,cyclone,2962,2875,1222,588,1082,639,2833,3437,449,459
1,MINOR,1860202,1,cyclone,1194,1327,587,355,441,328,1333,1383,191,232
1,MINOR,903512,0,earthquake,477,471,361,193,192,82,522,428,82,88
2,MODERATE,4394602,1,cyclone,10424,11200,4485,3712,5612,2783,10476,14411,2104,2690
1,MINOR,2143214,0,earthquake,917,842,662,393,447,197,1085,1031,251,234
1,MINOR,4730626,1,cyclone,3327,3341,1627,751,976,567,3587,3717,498,652
3,SEVERE,3586622,1,cyclone,24179,24086,10893,10616,7029,9534,24463,30580,4659,4482
4,CATASTROPHIC,4487213,1,cyclone,59195,68150,36162,22824,25470,34317,67920,68622,15172,16087
0,NONE,928762,0,earthquake,0,0,0,0,0,0,0,0,0,0
2,MODERATE,2712126,1,cyclone,8133,6555,2544,1998,3351,2103,7516,8709,1589,1577
2,MODERATE,4725369,1,cyclone,10928,12774,3992,3464,4713,3972,12422,16841,2625,3178
1,MINOR,4622900,0,earthquake,1879,2119,1569,885,909,391,2312,2218,446,434
0,NONE,1380298,1,cyclone,0,0,0,0,0,0,0,0,0,0
1,MINOR,860602,1,cyclone,471,594,219,146,222,121,552,509,94,110
3,SEVERE,3792867,0,earthquake,17905,19251,8654,11537,6639,7516,19367,18301,4076,3553
4,CATASTROPHIC,4781366,1,cyclone,59919,75953,33514,28251,31359,35603,52665,76220,16055,16755
2,MODERATE,592599,0,earthquake,1056,1122,604,673,658,248,1091,1339,274,294
4,CATASTROPHIC,4523434,1,cyclone,57864,63553,32106,25588,32227,33784,47598,65328,13663,14231
3,SEVERE,880316,1,cyclone,4815,5713,2506,2036,2161,2567,5332,6862,943,970
4,CATASTROPHIC,2797757,0,earthquake,33839,33211,16306,17966,13734,14025,27609,33153,7996,9917
3,SEVERE,4374324,0,earthquake,20461,20428,15672,14069,9006,6827,20790,21063,4469,4314
2,MODERATE,1993095,0,earthquake,3757,4384,1912,1750,1976,891,3552,4566,978,869
2,MODERATE,1814091,1,cyclone,4618,4831,1562,1390,2004,1343,4915,6395,977,792
2,MODERATE,2825591,0,earthquake,5776,6507,2785,3265,2513,1288,5555,5568,1531,1413
4,CATASTROPHIC,4846670,1,cyclone,58107,76597,35336,26146,29832,33378,63550,72671,15232,17244
2,MODERATE,257150,1,cyclone,622,737,236,219,349,182,674,821,139,207
2,MODERATE,3343828,1,cyclone,7576,8843,3478,2583,3961,2604,8878,12362,2052,1944
4,CATASTROPHIC,3045763,1,cyclone,38764,44907,22398,19706,17082,22340,38245,46030,11425,10998
3,SEVERE,4725574,0,earthquake,21608,20900,15952,12958,10078,8808,20634,25057,4427,4926
1,MINOR,3696342,0,earthquake,1909,1516,1042,871,803,364,1646,2220,346,334
2,MODERATE,795500,1,cyclone,1875,2233,821,569,1027,547,1755,2404,394,477
4,CATASTROPHIC,3025198,1,cyclone,43487,43459,17027,18463,20002,18177,38099,46574,10046,11425
0,NONE,2427337,1,cyclone,0,0,0,0,0,0,0,0,0,0
1,MINOR,460249,0,earthquake,164,270,152,82,84,46,225,214,42,43
3,SEVERE,2330985,1,cyclone,15385,14681,6288,5393,5372,6289,16551,16897,2278,2425
3,SEVERE,4352953,1,cyclone,34155,37866,12039,11727,10351,15153,29245,32972,3265,4764
0,NONE,1016822,0,earthquake,0,0,0,0,0,0,0,0,0,0
1,MINOR,11329,0,earthquake,5,5,3,2,2,1,5,5,1,1
4,CATASTROPHIC,505657,1,cyclone,5890,7052,3569,2923,3342,3809,7618,6094,1470,2008
1,MINOR,1195689,0,earthquake,603,711,353,235,282,115,660,616,132,115
1,MINOR,2449161,1,cyclone,1277,1668,970,363,596,411,1674,1822,223,336
3,SEVERE,4888662,1,cyclone,35594,36280,14754,10537,11595,15236,34263,30849,5033,5002
2,MODERATE,362863,1,cyclone,1036,1168,296,275,420,271,823,1150,215,191
1,MINOR,3709646,0,earthquake,1920,1834,1203,773,714,302,2132,1727,384,299
2,MODERATE,3199772,1,cyclone,8400,9151,2973,2820,3719,2257,9685,8791,1724,1810
1,MINOR,2119540,0,earthquake,917,1145,626,439,401,244,1087,997,201,230
3,SEVERE,4705663,0,earthquake,23541,23220,12962,11505,11220,8631,21719,23995,4218,5136
3,SEVERE,1139750,1,cyclone,7596,7761,3248,2407,2821,3465,6929,8996,1319,1369
3,SEVERE,1196799,1,cyclone,7313,8267,4009,2476,2995,3203,6987,7310,1325,1401
3,SEVERE,3992130,0,earthquake,21028,21192,11400,12885,9406,6484,22335,19703,3728,3508
3,SEVERE,1627598,1,cyclone,11785,10702,5329,3679,4469,5053,10091,12009,1392,1853
3,SEVERE,801987,1,cyclone,4124,5517,2446,2069,1852,2377,5751,5868,743,1042
2,MODERATE,68721,0,earthquake,128,156,68,60,60,29,148,141,40,36
1,MINOR,1567416,0,earthquake,707,666,496,305,322,175,843,902,142,170
1,MINOR,461347,0,earthquake,216,245,146,84,111,54,244,240,47,38
4,CATASTROPHIC,1161283,0,earthquake,10762,11980,6932,8587,5935,5087,11151,12872,3553,3245
1,MINOR,2141780,1,cyclone,1327,1566,637,298,506,334,1529,1888,204,240
4,CATASTROPHIC,2654423,1,cyclone,38538,40025,19766,16606,19408,19259,33389,38205,7228,10697
1,MINOR,1252456,0,earthquake,730,632,389,266,239,111,635,597,152,106
1,MINOR,298641,0,earthquake,148,148,104,60,65,30,162,124,26,32
2,MODERATE,4707838,1,cyclone,12255,11205,4395,3050,5582,3465,11999,13710,2503,3308
4,CATASTROPHIC,3181902,1,cyclone,44221,43188,26304,15040,18939,22697,45338,49416,7896,12874
3,SEVERE,3027927,1,cyclone,18993,18440,8928,7376,7023,8674,16507,23475,2445,3644
2,MODERATE,1235676,0,earthquake,2469,2571,1342,1365,1036,614,2968,2500,566,612
3,SEVERE,2138290,0,earthquake,10452,10583,6401,6856,4002,4319,8389,8968,2085,1901
1,MINOR,4271024,1,cyclone,2875,2976,1123,776,912,756,2818,3538,449,589
1,MINOR,3537134,0,earthquake,1731,1664,960,724,677,371,2058,1958,271,379
1,MINOR,1923490,0,earthquake,967,1088,543,374,414,185,1051,1028,184,198
1,MINOR,4016810,1,cyclone,2789,2575,1139,706,1045,573,2228,3277,363,544
0,NONE,1318306,1,cyclone,0,0,0,0,0,0,0,0,0,0
1,MINOR,1131220,0,earthquake,550,660,359,247,226,105,688,559,120,102
1,MINOR,4870297,0,earthquake,2389,2183,1379,1015,978,523,1767,2477,525,379
3,SEVERE,3561661,1,cyclone,26152,25111,10835,9517,8453,9990,23547,27861,3158,4943
4,CATASTROPHIC,1115039,0,earthquake,11575,12938,8697,7595,5485,4550,11165,10922,2924,3016
4,CATASTROPHIC,4259840,0,earthquake,43106,45810,32550,34625,24665,23310,36117,46657,12268,11165
4,CATASTROPHIC,3472534,0,earthquake,30776,28723,25859,24282,19311,17234,33966,30299,9765,8548
3,SEVERE,2034364,1,cyclone,14597,12365,6237,4762,5072,6124,11474,14750,2292,2240
0,NONE,4310667,0,earthquake,0,0,0,0,0,0,0,0,0,0
2,MODERATE,813509,0,earthquake,1662,1783,793,930,789,377,1700,1538,385,417
4,CATASTROPHIC,423800,1,cyclone,4422,6002,2910,2599,2640,3332,5243,6358,1391,1515
0,NONE,2200015,0,earthquake,0,0,0,0,0,0,0,0,0,0
3,SEVERE,3421757,0,earthquake,18138,17223,10609,11133,8034,6679,17415,22345,3404,3390
4,CATASTROPHIC,3413204,1,cyclone,45421,42693,21625,21007,18878,27083,49779,47080,8960,13359
2,MODERATE,3823539,0,earthquake,8876,8226,3599,4385,3548,1994,7042,7665,2004,1625
0,NONE,1091184,0,earthquake,0,0,0,0,0,0,0,0,0,0
3,SEVERE,1256847,0,earthquake,5438,6698,3653,3706,2980,2198,6658,6632,1678,1121
3,SEVERE,2599992,1,cyclone,16033,19031,8792,6765,6046,8933,18172,19170,2439,3313
2,MODERATE,919403,0,earthquake,2038,2047,976,888,971,420,1892,2169,413,434
2,MODERATE,4937227,0,earthquake,10809,9009,5694,5419,5439,2749,8598,8806,2794,2392
3,SEVERE,721491,1,cyclone,4760,5596,2289,1697,1715,2220,4872,5846,733,858
1,MINOR,4746060,0,earthquake,2073,2584,1492,1145,941,473,2177,2396,392,385
4,CATASTROPHIC,3174873,1,cyclone,39754,44986,23741,16198,17993,24324,43526,48589,9385,10584
3,SEVERE,1247569,0,earthquake,5080,5476,3444,3740,2334,2278,5911,5802,1201,1205
0,NONE,4416341,1,cyclone,0,0,0,0,0,0,0,0,0,0
2,MODERATE,1304873,1,cyclone,3109,3610,1198,1018,1453,1081,3420,3521,707,707
1,MINOR,3397701,1,cyclone,2566,2472,996,588,894,514,1680,2151,355,420
2,MODERATE,1938541,1,cyclone,5454,5045,1940,1537,2284,1336,5758,6405,1012,1320
2,MODERATE,37860,0,earthquake,61,71,39,39,38,22,71,78,18,21
1,MINOR,416923,1,cyclone,251,248,144,67,108,57,219,365,41,52
1,MINOR,429516,0,earthquake,231,195,121,86,77,46,194,217,47,38
3,SEVERE,3098955,0,earthquake,15524,15292,9280,9767,6081,5289,17468,16163,2704,3041
2,MODERATE,1032455,0,earthquake,2468,2379,1089,905,1073,530,2170,2393,507,621
3,SEVERE,133777,0,earthquake,736,656,340,363,280,345,765,674,146,136
0,NONE,931025,1,cyclone,0,0,0,0,0,0,0,0,0,0
2,MODERATE,3076435,1,cyclone,8774,10135,3052,2620,3767,2541,7801,9681,1204,2027
1,MINOR,202089,1,cyclone,134,161,54,29,40,27,118,148,20,20
0,NONE,1319912,1,cyclone,0,0,0,0,0,0,0,0,0,0
0,NONE,3735311,0,earthquake,0,0,0,0,0,0,0,0,0,0
1,MINOR,2520939,0,earthquake,1392,1492,812,529,493,258,1210,1182,247,297
3,SEVERE,892168,0,earthquake,4027,4522,2869,2883,1591,1567,4737,4214,948,1020
0,NONE,4649582,0,earthquake,0,0,0,0,0,0,0,0,0,0
3,SEVERE,4437858,0,earthquake,21649,23415,14010,12980,9284,8555,21939,21739,4923,3803
4,CATASTROPHIC,683174,1,cyclone,8323,9414,4002,3810,4037,4919,9021,9408,2349,2463
0,NONE,1869683,1,cyclone,0,0,0,0,0,0,0,0,0,0
1,MINOR,420169,0,earthquake,214,231,110,71,87,48,245,184,40,35
1,MINOR,2713217,1,cyclone,1945,2068,819,403,699,381,1940,2090,231,327
1,MINOR,4257263,0,earthquake,1657,1841,1125,959,900,510,2087,1852,425,407
4,CATASTROPHIC,4800778,1,cyclone,72898,55918,32433,28996,31245,34797,68662,77860,13419,17827
0,NONE,2169843,1,cyclone,0,0,0,0,0,0,0,0,0,0
0,NONE,1974692,1,cyclone,0,0,0,0,0,0,0,0,0,0
1,MINOR,1592163,0,earthquake,691,713,531,373,321,161,857,801,176,163
3,SEVERE,1248109,1,cyclone,7630,8802,3173,2514,2809,3389,7609,9045,1212,1619
4,CATASTROPHIC,307893,0,earthquake,2947,3376,2269,2115,1549,1479,3490,3218,910,964
4,CATASTROPHIC,155010,0,earthquake,1743,1555,882,1144,761,693,1561,1496,414,454
0,NONE,324707,1,cyclone,0,0,0,0,0,0,0,0,0,0
4,CATASTROPHIC,1205490,1,cyclone,15489,16866,8817,7844,6506,9126,16222,17410,4007,4128
1,MINOR,1530602,0,earthquake,796,816,482,331,277,155,842,850,170,139
0,NONE,3489605,1,cyclone,0,0,0,0,0,0,0,0,0,0
3,SEVERE,2263076,1,cyclone,15238,16049,6698,5937,5684,8285,13344,16293,2591,3174
2,MODERATE,3474631,0,earthquake,8162,6744,3680,3134,2707,1844,7355,8279,1541,1445
0,NONE,416903,1,cyclone,0,0,0,0,0,0,0,0,0,0
1,MINOR,4209459,0,earthquake,2120,2022,1149,809,646,389,1873,2045,324,428
0,NONE,133162,1,cyclone,0,0,0,0,0,0,0,0,0,0
0,NONE,4373884,0,earthquake,0,0,0,0,0,0,0,0,0,0
1,MINOR,3410979,0,earthquake,1674,1789,989,760,697,346,2028,1280,327,335
1,MINOR,2155626,0,earthquake,933,937,674,391,453,202,987,971,195,206
2,MODERATE,1060837,0,earthquake,1726,1941,1193,927,990,596,2112,1756,562,593
2,MODERATE,3386271,1,cyclone,8080,8151,3900,2648,2670,2640,9135,8262,1552,1853
4,CATASTROPHIC,3463238,1,cyclone,43906,38744,24684,21579,19875,26394,42754,53785,11231,12450
0,NONE,3336500,1,cyclone,0,0,0,0,0,0,0,0,0,0
0,NONE,2597079,1,cyclone,0,0,0,0,0,0,0,0,0,0
1,MINOR,4594396,0,earthquake,2381,2694,1360,940,925,427,1847,2348,385,480
3,SEVERE,4858700,1,cyclone,33156,36648,11984,11663,12016,15182,31041,37026,4508,4795
4,CATASTROPHIC,739067,1,cyclone,10777,10625,5858,4340,4072,5436,9483,12502,2162,2624
1,MINOR,3573631,0,earthquake,1684,1832,1099,786,747,376,1718,1634,359,393
3,SEVERE,4969504,1,cyclone,28270,31673,14264,11484,13219,14959,35538,38171,4913,6229
3,SEVERE,3382518,0,earthquake,14260,17486,10708,10496,6416,6467,16359,18409,2891,3267
0,NONE,4326200,1,cyclone,0,0,0,0,0,0,0,0,0,0
2,MODERATE,3739710,0,earthquake,7498,7126,3831,3707,3916,1771,6682,6949,2139,2048
0,NONE,3058913,1,cyclone,0,0,0,0,0,0,0,0,0,0
1,MINOR,2432607,0,earthquake,905,1120,760,527,548,243,1144,1212,266,228
1,MINOR,2072031,0,earthquake,1104,972,717,419,442,224,1256,1078,206,246
0,NONE,2088279,1,cyclone,0,0,0,0,0,0,0,0,0,0
1,MINOR,2219993,0,earthquake,1182,1149,758,363,469,214,1377,895,228,230
3,SEVERE,903217,1,cyclone,5202,5658,2711,2180,2125,2978,5306,7453,894,1177
0,NONE,4491390,1,cyclone,0,0,0,0,0,0,0,0,0,0
1,MINOR,4900800,1,cyclone,3240,3882,1398,728,1185,685,3337,3703,524,640
2,MODERATE,452175,1,cyclone,1156,1504,433,339,535,324,1095,1165,262,286
2,MODERATE,3934160,0,earthquake,6042,7437,4128,4293,4232,2150,8004,7772,1597,1919
1,MINOR,3556340,0,earthquake,1534,1750,939,710,701,293,1839,1727,356,340
1,MINOR,2202660,0,earthquake,1275,1225,663,420,363,201,1174,1068,228,175
1,MINOR,2544516,0,earthquake,1367,1213,895,486,514,229,1284,1306,240,273
0,NONE,84059,1,cyclone,0,0,0,0,0,0,0,0,0,0
1,MINOR,1111978,1,cyclone,574,932,324,195,297,192,670,815,110,128
4,CATASTROPHIC,3357431,0,earthquake,31386,34031,27995,25509,16722,14804,34050,39571,9056,7861
3,SEVERE,4218127,0,earthquake,21258,21652,10729,14769,8016,7425,19965,21139,4694,4186
1,MINOR,343238,0,earthquake,166,166,89,65,64,35,142,164,38,35
3,SEVERE,57534,0,earthquake,283,259,164,178,118,117,285,312,56,65
3,SEVERE,1901959,1,cyclone,11923,13932,6228,3766,4851,5444,13753,11641,2367,2080
3,SEVERE,1815629,0,earthquake,8528,9500,5444,6121,4053,2715,7681,8946,1972,1837
4,CATASTROPHIC,1309569,1,cyclone,15963,19144,9317,7963,8604,10366,19409,22275,4091,4664
3,SEVERE,4332293,1,cyclone,30666,34421,13856,10263,9628,14136,31103,32181,4358,5016
3,SEVERE,871453,0,earthquake,4986,4138,2119,2554,1397,1559,4101,4422,960,931
1,MINOR,2685612,0,earthquake,1363,1509,790,589,493,317,1391,1443,304,290
3,SEVERE,3101308,0,earthquake,15027,14852,10324,9519,6850,4720,15659,13060,3093,3322
0,NONE,889108,1,cyclone,0,0,0,0,0,0,0,0,0,0
0,NONE,3401493,0,earthquake,0,0,0,0,0,0,0,0,0,0
0,NONE,1786449,1,cyclone,0,0,0,0,0,0,0,0,0,0
2,MODERATE,637323,0,earthquake,1387,1057,741,625,692,334,1019,1302,251,334
0,NONE,1212041,0,earthquake,0,0,0,0,0,0,0,0,0,0
1,MINOR,3932122,0,earthquake,2175,1937,1326,716,712,410,1893,2017,471,408
0,NONE,2529842,1,cyclone,0,0,0,0,0,0,0,0,0,0
2,MODERATE,4404111,1,cyclone,9767,12185,5152,3368,5877,3524,13097,9079,2241,2797
3,SEVERE,1953074,1,cyclone,13579,13994,5297,3795,5315,5503,12250,15974,1949,2072
3,SEVERE,2391269,1,cyclone,12889,16138,7242,6196,5667,7188,13491,19802,3111,3242
1,MINOR,3811198,1,cyclone,3049,2568,1255,586,1090,613,2158,3260,410,435
0,NONE,808866,1,cyclone,0,0,0,0,0,0,0,0,0,0
4,CATASTROPHIC,2003303,1,cyclone,25638,27373,14835,10382,12845,16068,19113,29843,6130,7751
4,CATASTROPHIC,4771319,0,earthquake,51038,47115,32014,34129,21667,23021,44476,38676,14304,17917
2,MODERATE,4179303,1,cyclone,10604,10978,4494,3582,5234,3459,9755,11969,2105,2351
1,MINOR,879970,0,earthquake,397,395,245,167,201,84,464,452,96,71
1,MINOR,2205965,0,earthquake,1052,1065,731,332,441,211,1253,1044,231,240
0,NONE,4252960,0,earthquake,0,0,0,0,0,0,0,0,0,0
3,SEVERE,2200813,0,earthquake,10150,10982,6663,6983,4041,3959,11058,11231,2199,1603
3,SEVERE,553406,0,earthquake,3234,2512,1305,1655,1257,1104,2602,2310,521,490
0,NONE,2432081,1,cyclone,0,0,0,0,0,0,0,0,0,0
3,SEVERE,1447955,1,cyclone,8587,10209,4800,3332,3139,3368,8046,10335,1258,1616
3,SEVERE,2681832,1,cyclone,16005,19032,7176,7441,6482,8890,16060,23334,2563,2649
4,CATASTROPHIC,1874850,0,earthquake,15667,19554,12020,15737,9365,9190,21596,21014,5491,4962
4,CATASTROPHIC,75153,0,earthquake,757,661,588,520,377,281,745,846,211,196
1,MINOR,368529,1,cyclone,213,277,105,57,94,54,229,262,29,47
1,MINOR,736900,0,earthquake,357,416,181,158,161,83,312,342,77,74
0,NONE,1239050,0,earthquake,0,0,0,0,0,0,0,0,0,0
0,NONE,3541204,0,earthquake,0,0,0,0,0,0,0,0,0,0
2,MODERATE,2535947,1,cyclone,7175,7554,2737,2259,3083,1829,6963,7587,1464,1755
2,MODERATE,3975657,1,cyclone,8990,12356,4281,3084,4341,3035,9822,11662,1736,2437
2,MODERATE,1874360,0,earthquake,3735,3799,1877,1808,1941,866,4366,3742,1016,887
0,NONE,3533289,1,cyclone,0,0,0,0,0,0,0,0,0,0
1,MINOR,2943847,0,earthquake,1543,1377,891,598,505,279,1511,1360,299,288
3,SEVERE,4396100,0,earthquake,23286,21610,16328,10590,8094,9388,22388,22939,2986,4316
2,MODERATE,3134210,1,cyclone,8438,8787,3102,2191,3890,2321,7797,9390,1510,1608
2,MODERATE,4309737,0,earthquake,8275,9766,3977,4573,4638,1922,7892,9540,1955,2142
1,MINOR,4396512,0,earthquake,2646,2413,1330,953,874,484,1748,2167,347,446
1,MINOR,1596665,0,earthquake,749,909,526,435,322,170,799,805,179,172
0,NONE,3691571,1,cyclone,0,0,0,0,0,0,0,0,0,0
2,MODERATE,80564,1,cyclone,170,230,78,73,98,57,229,234,38,50
3,SEVERE,3579260,1,cyclone,20567,24446,10200,10254,9219,10838,18836,27672,3693,4197
3,SEVERE,4683331,1,cyclone,30969,29889,13177,12135,12860,11078,30990,34726,4733,5441
3,SEVERE,1898099,1,cyclone,13767,13148,5416,4277,3377,5895,13300,14432,1881,2308
1,MINOR,4811895,1,cyclone,3309,3083,1617,801,1361,744,2501,3311,473,528
4,CATASTROPHIC,3549382,1,cyclone,40639,50517,25919,19964,19558,32212,43882,56213,11507,9594
3,SEVERE,1391219,0,earthquake,6132,5711,4152,4089,2808,3226,7449,8327,1348,1290
0,NONE,4865976,1,cyclone,0,0,0,0,0,0,0,0,0,0
4,CATASTROPHIC,3560130,1,cyclone,46686,58818,25589,18252,24592,27257,43798,50282,9729,10980
4,CATASTROPHIC,1469914,1,cyclone,20798,20282,9811,7518,9830,9514,22122,21998,3951,5736
3,SEVERE,3152248,1,cyclone,22186,22495,9948,9428,8200,9158,20337,21149,3892,4389
3,SEVERE,3906212,0,earthquake,15962,19858,12040,12863,6769,7991,19437,18422,3486,3937
0,NONE,1233623,1,cyclone,0,0,0,0,0,0,0,0,0,0
0,NONE,4115448,0,earthquake,0,0,0,0,0,0,0,0,0,0
0,NONE,638333,1,cyclone,0,0,0,0,0,0,0,0,0,0
0,NONE,1801033,0,earthquake,0,0,0,0,0,0,0,0,0,0
1,MINOR,3348764,1,cyclone,2244,2436,1016,536,774,538,1850,2129,306,452
0,NONE,4353616,0,earthquake,0,0,0,0,0,0,0,0,0,0
3,SEVERE,2943256,0,earthquake,16061,12851,8493,9682,5385,5380,14493,16651,3213,3330
0,NONE,4490189,0,earthquake,0,0,0,0,0,0,0,0,0,0
2,MODERATE,3507367,1,cyclone,8381,10741,3019,2629,4971,2730,9652,10321,1497,2430
3,SEVERE,4035092,0,earthquake,19230,19679,10725,13551,8281,8872,19963,22575,3281,4037
2,MODERATE,2287422,1,cyclone,5347,5794,2883,1966,2428,1620,5140,5953,987,1229
3,SEVERE,1087304,0,earthquake,4935,5211,3535,3273,2250,2061,6268,6370,1165,1022
3,SEVERE,2759373,1,cyclone,18522,19544,8867,6640,6446,10112,20055,24133,3195,2654
4,CATASTROPHIC,1440299,0,earthquake,10562,13497,8545,10301,6772,6984,17471,12931,4373,4415
4,CATASTROPHIC,4643219,1,cyclone,58269,61739,31953,24927,26103,29140,53398,68811,12108,17659
1,MINOR,864726,1,cyclone,446,522,241,141,223,139,595,646,101,111
0,NONE,1416151,1,cyclone,0,0,0,0,0,0,0,0,0,0
4,CATASTROPHIC,2526427,1,cyclone,31827,32541,18541,12820,14463,19101,32735,37667,7152,9431
3,SEVERE,1434409,0,earthquake,7120,6762,3559,4400,2677,2731,7863,6481,1709,1288
2,MODERATE,3684480,1,cyclone,7618,9637,3815,2987,4502,2686,9099,9683,1866,2444
1,MINOR,4344130,0,earthquake,2161,2406,1333,790,734,384,2022,2272,407,487
0,NONE,654281,0,earthquake,0,0,0,0,0,0,0,0,0,0
0,NONE,4801752,0,earthquake,0,0,0,0,0,0,0,0,0,0
3,SEVERE,3436801,1,cyclone,24963,23254,10762,8245,7028,10890,24991,24944,3656,3762
0,NONE,1313193,1,cyclone,0,0,0,0,0,0,0,0,0,0
3,SEVERE,1885817,0,earthquake,8201,10573,4597,5739,3646,3199,7486,8394,1894,1772
3,SEVERE,4885246,0,earthquake,21883,27729,12849,15651,8901,8673,22951,25940,4215,5025
2,MODERATE,3908850,1,cyclone,10165,9737,4032,2708,5582,2768,11164,12096,2002,1974
4,CATASTROPHIC,967744,1,cyclone,13580,12020,6290,5520,5722,8774,11660,15386,2989,2905
2,MODERATE,2003639,0,earthquake,3986,4665,2098,2158,2040,929,3392,4588,956,983
4,CATASTROPHIC,2830207,0,earthquake,28675,29268,22998,19311,14000,16304,31623,24317,9720,7128
1,MINOR,4178204,0,earthquake,2128,2010,1197,629,848,419,2403,2032,395,396
4,CATASTROPHIC,1887664,1,cyclone,22793,21009,10566,10214,11499,16543,25136,30211,5361,6484
2,MODERATE,2427679,1,cyclone,6325,6558,2135,1790,3275,2052,6741,7118,1432,1600
4,CATASTROPHIC,3426022,1,cyclone,45990,50513,24188,19534,17141,25993,46759,53128,11458,14145
0,NONE,1609089,0,earthquake,0,0,0,0,0,0,0,0,0,0
0,NONE,2470582,0,earthquake,0,0,0,0,0,0,0,0,0,0
0,NONE,1754339,0,earthquake,0,0,0,0,0,0,0,0,0,0
1,MINOR,2902262,1,cyclone,2004,2224,869,502,673,437,1955,2250,249,330
4,CATASTROPHIC,2382343,0,earthquake,23529,25249,17455,18027,11827,12465,24169,25872,5773,6976
2,MODERATE,1229730,1,cyclone,3294,3647,1293,1045,1346,860,2989,3525,711,651
2,MODERATE,2704567,0,earthquake,5085,5088,2395,2797,2346,1288,6008,6254,1223,1311
0,NONE,3174280,1,cyclone,0,0,0,0,0,0,0,0,0,0
1,MINOR,327042,1,cyclone,215,203,92,53,78,52,189,257,30,37
0,NONE,898791,1,cyclone,0,0,0,0,0,0,0,0,0,0
3,SEVERE,393547,1,cyclone,1919,3058,1219,931,894,1237,2915,3027,385,599
0,NONE,2568114,0,earthquake,0,0,0,0,0,0,0,0,0,0
4,CATASTROPHIC,1228994,1,cyclone,17854,17058,9590,7328,7318,11146,14797,19548,3996,4297
3,SEVERE,1437198,0,earthquake,7307,6789,4357,4509,2793,2937,6651,6301,1432,1583
1,MINOR,4708119,1,cyclone,3369,3356,1334,733,1116,659,3241,3314,383,624
1,MINOR,2740839,1,cyclone,1666,1900,821,530,594,369,2008,2017,306,320
4,CATASTROPHIC,3826321,1,cyclone,43448,49830,26118,23230,23714,28221,52870,52944,12198,14088
1,MINOR,2600197,1,cyclone,1801,2108,724,441,711,345,1745,1861,249,286
1,MINOR,3128960,1,cyclone,2404,2229,1063,512,716,496,2472,2195,341,382
1,MINOR,4876292,1,cyclone,3308,3707,1442,830,1104,574,3456,3863,482,595
2,MODERATE,1947598,1,cyclone,3598,4346,2208,1650,2602,1677,5787,5019,954,1065
4,CATASTROPHIC,1969103,1,cyclone,25708,22818,13305,12635,11008,13745,25920,30074,6092,6525
1,MINOR,965397,1,cyclone,581,685,250,153,199,143,597,740,102,118
3,SEVERE,3020027,1,cyclone,20515,20909,8665,7588,7167,8993,20410,20309,3451,3533
1,MINOR,4724343,1,cyclone,3122,3238,1650,670,1281,624,3173,3771,526,610
3,SEVERE,1284508,0,earthquake,5746,6996,3426,3957,2640,2474,7091,6906,1184,1247
0,NONE,2261713,0,earthquake,0,0,0,0,0,0,0,0,0,0
3,SEVERE,4024150,1,cyclone,26149,27083,10430,10147,10547,12270,24167,36723,3931,4709
0,NONE,991005,0,earthquake,0,0,0,0,0,0,0,0,0,0
1,MINOR,1620237,1,cyclone,936,1160,519,246,364,291,1017,1197,183,193
1,MINOR,420525,0,earthquake,195,218,113,87,76,43,236,168,40,33
4,CATASTROPHIC,3526160,0,earthquake,26166,42048,23280,25825,18794,19050,34377,38063,11151,9861
3,SEVERE,2777644,1,cyclone,17375,16933,8627,6465,7201,7711,15597,24101,2646,3031
1,MINOR,2642900,0,earthquake,1399,1318,871,512,466,278,1305,1285,253,263
2,MODERATE,4527580,1,cyclone,12386,12222,5096,4034,5406,3901,12381,11396,2336,2521
2,MODERATE,689848,1,cyclone,1775,1969,794,496,892,471,1998,2041,314,386
3,SEVERE,662270,1,cyclone,4881,4449,1813,1912,1719,1832,4459,4762,577,770
3,SEVERE,1830217,1,cyclone,13259,12396,4954,4013,4885,5570,12068,12503,2076,2601
2,MODERATE,1978396,0,earthquake,4540,4119,1896,1954,1928,975,4401,4143,903,962
3,SEVERE,2355692,1,cyclone,13601,14005,6411,4771,4790,7932,15115,18324,2370,2859
4,CATASTROPHIC,2722194,0,earthquake,28711,30621,18568,23571,14037,12585,26356,22855,7397,7850
0,NONE,2513222,1,cyclone,0,0,0,0,0,0,0,0,0,0
2,MODERATE,2427789,0,earthquake,4827,4742,2601,2970,2126,1147,4997,3799,1348,1310
4,CATASTROPHIC,1050694,1,cyclone,14457,14062,6581,5553,6969,7803,13382,14963,2751,4299
4,CATASTROPHIC,3175655,1,cyclone,44066,37202,22208,19562,20669,29604,44954,41219,8021,11496
1,MINOR,2122452,1,cyclone,1409,1306,527,412,514,323,1271,1734,200,183
4,CATASTROPHIC,4586048,1,cyclone,58604,62926,30032,23777,26696,28735,47947,69465,13915,17961
2,MODERATE,1077454,0,earthquake,2533,1977,1109,979,1034,554,2233,2180,571,563
1,MINOR,3727406,1,cyclone,2008,3075,858,486,1055,560,2150,2986,401,387
1,MINOR,4941271,0,earthquake,2525,2839,1282,855,1022,503,2833,2224,440,586
0,NONE,4173060,0,earthquake,0,0,0,0,0,0,0,0,0,0
0,NONE,13594,0,earthquake,0,0,0,0,0,0,0,0,0,0
3,SEVERE,145002,1,cyclone,1179,983,471,392,379,469,775,1215,150,170
4,CATASTROPHIC,1034573,0,earthquake,10082,9978,6533,7611,5089,4762,10446,10390,3260,3094
0,NONE,4839117,1,cyclone,0,0,0,0,0,0,0,0,0,0
2,MODERATE,3850916,0,earthquake,8236,6856,3767,4049,3747,2110,7771,6196,2087,1902
4,CATASTROPHIC,2899892,1,cyclone,30560,40723,21126,15793,17644,20867,40063,42011,9186,11468
1,MINOR,4123189,0,earthquake,1596,2162,1058,862,856,403,2075,2361,465,397
1,MINOR,4171397,1,cyclone,2283,2946,1242,696,1131,629,2574,3217,360,466
0,NONE,4778807,1,cyclone,0,0,0,0,0,0,0,0,0,0
0,NONE,1491874,0,earthquake,0,0,0,0,0,0,0,0,0,0
4,CATASTROPHIC,4078183,0,earthquake,34460,42125,28958,31831,16580,18936,45382,42941,13120,14010
0,NONE,3376381,0,earthquake,0,0,0,0,0,0,0,0,0,0
1,MINOR,718204,1,cyclone,453,453,211,126,165,99,499,482,73,89
4,CATASTROPHIC,3032922,1,cyclone,38255,46368,20779,15393,17422,22941,32382,48340,9177,12010
0,NONE,1328506,0,earthquake,0,0,0,0,0,0,0,0,0,0
3,SEVERE,525772,0,earthquake,2684,2531,1674,1601,988,1125,2616,2441,568,436
3,SEVERE,727485,0,earthquake,4047,3780,2404,1721,1421,1006,3002,3438,679,730
1,MINOR,4451291,1,cyclone,3008,3173,1350,775,1078,726,2779,3075,498,509
3,SEVERE,4054135,0,earthquake,20596,21072,11421,11781,9333,8200,20126,20286,5086,4070
2,MODERATE,485772,0,earthquake,1059,819,546,550,583,275,919,1113,270,225
1,MINOR,2493926,0,earthquake,1272,883,644,539,580,269,1253,1118,265,201
2,MODERATE,2114163,1,cyclone,5785,6308,2335,1816,2843,1336,5569,6313,1073,1382
0,NONE,4958424,0,earthquake,0,0,0,0,0,0,0,0,0,0
1,MINOR,427264,0,earthquake,187,228,125,65,94,37,270,199,40,43
2,MODERATE,2703057,1,cyclone,5331,7901,2892,2358,3334,2045,5961,8509,1345,1552
2,MODERATE,3452875,1,cyclone,8820,9042,3721,2524,4046,2195,8502,12081,2033,2211
1,MINOR,3586020,1,cyclone,2370,2500,1035,662,1053,570,1717,2680,320,411
1,MINOR,2224564,1,cyclone,1525,1552,668,356,526,313,1506,1620,236,269
3,SEVERE,3705645,1,cyclone,24801,27609,12423,8465,9450,11753,22510,26567,3113,3973
3,SEVERE,1975677,1,cyclone,15747,14500,5189,4515,5239,5451,14767,15831,1925,1917
4,CATASTROPHIC,2309299,0,earthquake,20341,21268,15440,14024,11159,11221,26035,19354,7047,5985
2,MODERATE,1424861,0,earthquake,2780,2602,1464,1258,1550,733,2547,2532,768,662
2,MODERATE,259207,0,earthquake,496,503,277,262,270,119,427,490,127,144
0,NONE,897765,0,earthquake,0,0,0,0,0,0,0,0,0,0
2,MODERATE,904980,0,earthquake,2251,2132,985,964,872,458,1976,1467,424,452
3,SEVERE,4196319,0,earthquake,23626,21788,11132,12019,7281,10680,21365,16806,3625,3671
4,CATASTROPHIC,3099600,0,earthquake,30606,26405,20751,17568,20745,13878,32108,29517,9080,9227
4,CATASTROPHIC,678759,0,earthquake,6094,7179,5135,4835,3532,3348,6974,6457,2082,1977
0,NONE,595952,1,cyclone,0,0,0,0,0,0,0,0,0,0
1,MINOR,801139,0,earthquake,402,401,301,207,156,72,410,424,90,62
3,SEVERE,2948140,1,cyclone,17616,17547,8645,7574,6194,8922,19967,25744,3135,3507
1,MINOR,62402,1,cyclone,38,48,19,10,14,9,36,44,5,7
1,MINOR,4721730,0,earthquake,2572,2439,1345,847,906,392,2390,2584,583,420
1,MINOR,3228835,0,earthquake,1493,1518,868,674,695,296,1394,1642,323,397
4,CATASTROPHIC,4705533,1,cyclone,65255,58451,29804,27181,28078,34901,61581,76055,16733,19191
3,SEVERE,2887259,1,cyclone,18688,17201,8673,6105,5785,7841,19538,22529,2915,3808
4,CATASTROPHIC,2995763,0,earthquake,31545,30695,18816,20103,15841,16034,27732,32871,8558,9286
3,SEVERE,4051749,1,cyclone,27824,29945,11998,9097,9034,14274,32278,33666,3937,4321
2,MODERATE,2645931,1,cyclone,6930,7943,3006,2075,3410,2054,5808,6759,1278,1618
3,SEVERE,2504869,1,cyclone,13519,16889,6133,5888,6348,7836,15463,19546,2224,2812
4,CATASTROPHIC,2685231,1,cyclone,31596,33453,19155,14716,15450,18321,34835,39628,9132,8810
2,MODERATE,2703883,0,earthquake,5437,5449,2399,2602,2926,1183,5486,5708,1358,1331
1,MINOR,2074712,1,cyclone,1264,1320,654,310,572,326,1246,1601,208,201
0,NONE,1731293,1,cyclone,0,0,0,0,0,0,0,0,0,0
2,MODERATE,4651407,1,cyclone,8966,11748,4428,4521,4653,3747,11378,14648,2335,2535
3,SEVERE,4353370,0,earthquake,21735,22406,12505,10535,8804,10645,23606,22404,4521,4352
2,MODERATE,984340,1,cyclone,1985,2466,978,860,1397,658,2727,2294,475,588
1,MINOR,4347983,1,cyclone,2762,3333,1411,725,898,604,2931,2886,466,452
2,MODERATE,28389,0,earthquake,68,57,29,26,26,15,63,51,13,13
1,MINOR,3427103,0,earthquake,2078,1529,1130,789,692,316,1585,1668,379,301
2,MODERATE,1975113,0,earthquake,3860,3724,1665,1943,2145,1096,4021,3559,861,926
0,NONE,2548656,0,earthquake,0,0,0,0,0,0,0,0,0,0
2,MODERATE,4751905,1,cyclone,12587,13267,4443,4006,5592,3614,13033,14885,2398,3107
3,SEVERE,4891692,1,cyclone,33920,41305,14918,11731,10977,14298,29470,39172,4445,5913
2,MODERATE,3185227,0,earthquake,6398,6692,3082,3187,3182,1379,6818,6720,1750,1431
0,NONE,860365,0,earthquake,0,0,0,0,0,0,0,0,0,0
4,CATASTROPHIC,3828210,1,cyclone,50968,53831,23211,22572,24953,29923,42416,50301,10683,15535
3,SEVERE,3659300,0,earthquake,18472,14635,13244,12624,6523,7019,17772,19253,3732,3409
2,MODERATE,1294606,0,earthquake,2381,2539,1182,1388,1327,691,2507,2848,570,608
0,NONE,411266,0,earthquake,0,0,0,0,0,0,0,0,0,0
1,MINOR,2594952,1,cyclone,1582,2172,843,436,629,375,1643,1783,264,272
3,SEVERE,1312832,1,cyclone,9702,10010,3911,3291,3016,3900,7871,11486,1337,1708
2,MODERATE,3884468,0,earthquake,8127,8798,3649,4571,3885,2097,8761,9827,1732,1798
1,MINOR,850272,1,cyclone,454,663,250,140,193,119,547,584,81,109
4,CATASTROPHIC,1392010,1,cyclone,17593,18517,9889,8653,7571,10912,18245,17157,3902,5016
2,MODERATE,2267316,0,earthquake,4345,4959,2261,2281,2224,1239,5433,4922,999,1104
1,MINOR,2220276,0,earthquake,1149,1021,683,527,406,209,979,1173,218,174
3,SEVERE,492278,1,cyclone,3205,3887,1635,1382,1032,1572,3038,3639,439,728
4,CATASTROPHIC,1808960,1,cyclone,27081,25333,14517,8874,12033,12253,26401,30241,4886,6787
0,NONE,2399373,1,cyclone,0,0,0,0,0,0,0,0,0,0
4,CATASTROPHIC,2156698,1,cyclone,28986,26174,13786,10373,13258,17980,29012,33831,6578,8294
1,MINOR,4261948,0,earthquake,2324,2301,1232,684,873,440,2037,2170,471,528
4,CATASTROPHIC,620060,0,earthquake,6543,6940,4597,4173,3510,3566,6187,6975,1890,2074
0,NONE,2910371,0,earthquake,0,0,0,0,0,0,0,0,0,0
4,CATASTROPHIC,1732743,0,earthquake,18385,17581,11352,12639,8643,9098,15726,16765,5269,5556
0,NONE,2714604,0,earthquake,0,0,0,0,0,0,0,0,0,0
2,MODERATE,490582,0,earthquake,878,1084,392,524,507,307,1045,1030,224,239
2,MODERATE,690519,1,cyclone,1724,1854,651,548,893,515,1686,2166,352,386
1,MINOR,4248754,1,cyclone,2773,2750,1164,734,1065,686,2937,2903,467,494
1,MINOR,2955448,0,earthquake,1380,1480,737,649,557,280,1339,1498,279,314
4,CATASTROPHIC,1976576,0,earthquake,20607,21340,14758,12581,9950,9779,17694,19713,5103,6069
2,MODERATE,2933015,1,cyclone,7154,7136,2899,2144,3237,1888,7816,8467,1544,1840
0,NONE,3577598,0,earthquake,0,0,0,0,0,0,0,0,0,0
1,MINOR,4558795,0,earthquake,2165,2302,1685,766,1021,454,2440,2200,530,418
4,CATASTROPHIC,4017219,1,cyclone,52417,61501,25813,22783,21632,28918,65930,68342,12854,14995
2,MODERATE,3535417,0,earthquake,7261,8491,3589,3207,3800,2048,6150,7448,1772,1599
0,NONE,3929681,0,earthquake,0,0,0,0,0,0,0,0,0,0
2,MODERATE,4108659,0,earthquake,9702,8273,4243,4217,4396,2059,7376,8528,1738,2230
4,CATASTROPHIC,1141480,1,cyclone,14068,12860,7947,6637,7076,8791,14447,18681,3093,3722
2,MODERATE,4959390,1,cyclone,11679,13348,6004,4316,5921,4144,12272,15112,2402,3186
3,SEVERE,2091064,0,earthquake,9282,11372,6878,5020,5086,4214,11524,9616,1885,2039
0,NONE,3064848,1,cyclone,0,0,0,0,0,0,0,0,0,0
4,CATASTROPHIC,153312,1,cyclone,2283,2099,1044,952,1010,1257,1940,2452,528,549
4,CATASTROPHIC,1242923,1,cyclone,16721,14709,8442,5939,8554,8978,17791,18965,4364,3932
3,SEVERE,2538148,1,cyclone,16564,14744,8837,5326,5269,7661,16295,21646,2468,2958
2,MODERATE,1975615,1,cyclone,5079,6260,2048,1547,2409,1223,4838,6188,1011,1257
4,CATASTROPHIC,1663875,1,cyclone,20577,22393,11213,9589,8515,10337,18952,27253,4773,6292
4,CATASTROPHIC,643375,1,cyclone,8804,8536,4804,3740,3247,4853,8238,10097,1935,2260
4,CATASTROPHIC,2860169,0,earthquake,26764,29767,18253,20078,11587,17025,30530,27316,9874,7815
0,NONE,3837654,1,cyclone,0,0,0,0,0,0,0,0,0,0
3,SEVERE,3564956,1,cyclone,19102,21014,11103,9019,6718,12321,25201,24941,3599,3434
2,MODERATE,3592932,0,earthquake,7624,7283,2958,3739,3941,2167,6195,7062,1791,1778
4,CATASTROPHIC,700460,0,earthquake,5832,7776,5391,5087,3353,3426,6804,6030,2248,2106
2,MODERATE,1220651,1,cyclone,3067,2735,948,1089,1462,971,3247,3240,594,608
1,MINOR,4611319,1,cyclone,2482,3104,1388,765,1127,753,3537,3491,477,511
3,SEVERE,1980533,0,earthquake,10332,6567,6338,5218,3831,4256,8381,10981,1955,2268
2,MODERATE,545356,1,cyclone,1413,1616,581,386,548,396,1491,1712,315,314
3,SEVERE,4838753,0,earthquake,22827,27027,14799,15161,9631,9969,23699,23054,4528,4690
3,SEVERE,3936827,0,earthquake,20909,20779,10606,9987,8074,7726,20590,18477,4489,3465
4,CATASTROPHIC,4130082,1,cyclone,54755,64269,28731,19701,25050,28634,39626,61450,13031,16619
3,SEVERE,2131280,1,cyclone,14027,14661,6090,5835,4899,6724,12366,13959,2171,2460
4,CATASTROPHIC,4898425,1,cyclone,79521,68321,33260,26613,32913,36204,65260,78742,16611,16351
0,NONE,3736013,1,cyclone,0,0,0,0,0,0,0,0,0,0
4,CATASTROPHIC,1479999,0,earthquake,11614,16146,10899,7225,6686,6096,13282,14997,5213,4669
3,SEVERE,523928,0,earthquake,2836,2895,1549,1384,1150,967,2723,3027,437,571
2,MODERATE,2240546,0,earthquake,3524,4025,2271,2572,2052,1145,3992,4443,1135,1083
3,SEVERE,4065642,1,cyclone,23356,30315,12596,9526,10052,11025,29229,34433,4374,4697
1,MINOR,4736626,0,earthquake,2373,2452,1312,902,950,484,2070,2237,480,497
0,NONE,3662953,0,earthquake,0,0,0,0,0,0,0,0,0,0
0,NONE,4593874,0,earthquake,0,0,0,0,0,0,0,0,0,0
2,MODERATE,3842331,0,earthquake,7011,7343,4199,3885,3538,1999,8309,7666,1876,2116
3,SEVERE,162258,1,cyclone,1390,920,534,400,401,434,1131,995,154,195
3,SEVERE,985636,1,cyclone,6130,6707,3126,2078,2628,2928,5845,6361,739,1389
1,MINOR,3839280,1,cyclone,2589,2635,1183,627,1039,562,2420,3187,437,442
0,NONE,2106190,0,earthquake,0,0,0,0,0,0,0,0,0,0
1,MINOR,3771583,0,earthquake,2008,2045,1032,751,755,465,2010,2089,362,348
3,SEVERE,622271,1,cyclone,4641,3736,2236,1625,1642,2041,3880,4607,664,728
3,SEVERE,1966426,1,cyclone,13769,13571,5660,4329,4405,5120,13322,13866,1958,2646
1,MINOR,3694629,0,earthquake,1597,2059,1077,854,704,358,1822,1563,304,388
1,MINOR,3818609,1,cyclone,2318,2785,1200,545,783,554,2682,2442,348,489
3,SEVERE,1572860,0,earthquake,7023,8668,5969,4333,3608,3248,7241,9116,1636,1760
3,SEVERE,1930423,1,cyclone,15491,13367,6111,4116,4417,5744,12813,11396,2229,2463
0,NONE,4218589,1,cyclone,0,0,0,0,0,0,0,0,0,0
0,NONE,201699,0,earthquake,0,0,0,0,0,0,0,0,0,0
3,SEVERE,3182262,1,cyclone,18384,21871,8379,8461,8051,10613,18552,20536,3741,3513
4,CATASTROPHIC,318351,1,cyclone,4393,4739,2062,2213,1958,2538,4162,4246,1029,1176
0,NONE,4229598,0,earthquake,0,0,0,0,0,0,0,0,0,0
1,MINOR,3908562,0,earthquake,1719,1856,1206,884,863,328,2401,2197,392,443
4,CATASTROPHIC,957056,1,cyclone,11132,14029,5993,5138,6392,5718,15052,12499,2294,3452
3,SEVERE,3750681,0,earthquake,21720,16504,11616,12203,6949,6409,17669,18011,4095,3695
4,CATASTROPHIC,1988100,0,earthquake,19885,17087,13646,15915,11030,9440,21531,19602,6265,5788
1,MINOR,2155268,0,earthquake,1134,792,715,420,403,237,779,1127,250,185
0,NONE,2616632,1,cyclone,0,0,0,0,0,0,0,0,0,0
3,SEVERE,250878,1,cyclone,1823,1664,677,537,509,795,1692,1779,198,293
1,MINOR,1504471,1,cyclone,1078,1073,413,270,365,229,1093,1100,163,158
1,MINOR,1339052,1,cyclone,724,880,356,231,348,195,797,1023,148,136
1,MINOR,786271,1,cyclone,505,638,234,124,171,111,474,485,62,92
3,SEVERE,1091294,0,earthquake,5573,5050,3500,3098,2533,2133,5404,5780,1179,1191
3,SEVERE,4333293,1,cyclone,27793,35904,13427,11258,11490,13981,32010,31292,4749,6220
2,MODERATE,3570676,0,earthquake,6845,8680,3190,3610,3746,1687,6433,6555,1740,1689
1,MINOR,2828471,0,earthquake,1338,1470,873,385,516,268,1271,1550,240,312
2,MODERATE,4790180,1,cyclone,14402,12614,4801,4225,6322,3701,12227,14094,2062,2579
3,SEVERE,2595983,0,earthquake,11803,11671,7310,7132,5250,5649,14376,14066,2362,2611
3,SEVERE,2483347,0,earthquake,12093,12716,6712,8453,4682,4431,13431,12496,2816,2882
3,SEVERE,2393779,1,cyclone,15814,15303,7075,5736,5244,6931,15523,18468,2846,2594
3,SEVERE,2134176,1,cyclone,10529,14905,7963,5386,4953,7094,14074,15206,1989,2699
0,NONE,3407264,1,cyclone,0,0,0,0,0,0,0,0,0,0
4,CATASTROPHIC,1795285,0,earthquake,17880,18296,14565,15613,8810,9463,17819,17783,6397,4887
1,MINOR,4990210,0,earthquake,2408,3050,1761,1012,1115,439,2661,2521,520,431
2,MODERATE,4060933,0,earthquake,8358,8104,3901,4393,3982,2131,9340,8726,1771,1759
3,SEVERE,2519105,0,earthquake,11334,12202,6879,7299,5555,4664,13079,10317,2436,2311
1,MINOR,510921,0,earthquake,223,268,162,98,108,49,277,232,45,49
2,MODERATE,4805662,0,earthquake,8368,10050,5139,3404,4176,2312,11432,9248,2281,2222
0,NONE,3796299,1,cyclone,0,0,0,0,0,0,0,0,0,0
2,MODERATE,3193741,0,earthquake,6618,6529,3363,2791,2321,1596,6913,6136,1881,1577
2,MODERATE,3470615,1,cyclone,9870,8954,4352,2350,3810,2663,11051,9826,1550,2196
0,NONE,4903533,0,earthquake,0,0,0,0,0,0,0,0,0,0
1,MINOR,51697,0,earthquake,28,27,16,11,10,4,26,27,4,4
1,MINOR,1454493,1,cyclone,821,1048,365,228,371,205,963,1025,129,183
4,CATASTROPHIC,4735266,1,cyclone,71289,64372,35388,28180,30370,40030,66802,73992,13304,17563
0,NONE,2495772,1,cyclone,0,0,0,0,0,0,0,0,0,0
2,MODERATE,4180809,1,cyclone,11680,11768,4142,3865,4164,3148,8876,10287,2079,2376
2,MODERATE,1501252,0,earthquake,2755,2966,1555,1291,1441,750,2930,2796,673,880
1,MINOR,4582298,0,earthquake,2362,2107,1442,782,949,521,2704,2052,478,425
1,MINOR,1183318,1,cyclone,878,764,367,208,271,188,952,786,123,127
3,SEVERE,3284763,1,cyclone,22296,27652,9265,8678,7172,9421,24153,26993,3149,3703
0,NONE,356757,1,cyclone,0,0,0,0,0,0,0,0,0,0
1,MINOR,4761688,0,earthquake,2154,2276,1493,1100,881,481,2510,2808,495,567
0,NONE,4619150,1,cyclone,0,0,0,0,0,0,0,0,0,0
3,SEVERE,4161428,0,earthquake,18593,25103,13401,11580,7040,7597,19499,19652,4490,3574
1,MINOR,221350,1,cyclone,159,126,65,32,58,37,155,173,21,30
3,SEVERE,1706684,0,earthquake,8109,8540,5507,4337,3874,3090,8752,8483,1568,1900
2,MODERATE,3636038,1,cyclone,10085,9417,3200,3218,3865,2690,10112,11413,1781,2022
0,NONE,2140779,1,cyclone,0,0,0,0,0,0,0,0,0,0
3,SEVERE,4850440,1,cyclone,31951,36641,15531,10233,12031,16923,32489,40492,5694,5915
4,CATASTROPHIC,1299324,1,cyclone,19065,17901,8052,7537,8519,10134,17632,19414,3806,5271
4,CATASTROPHIC,2432499,1,cyclone,30997,31795,17277,12907,14685,15724,29935,41287,7439,9925
4,CATASTROPHIC,877429,0,earthquake,7667,8664,6406,5486,4616,4840,8595,9119,2422,3385
4,CATASTROPHIC,656206,0,earthquake,5959,5407,4852,4612,3366,2726,6861,6413,1721,1789
0,NONE,4311703,0,earthquake,0,0,0,0,0,0,0,0,0,0
1,MINOR,949329,1,cyclone,654,574,311,135,250,148,652,680,84,112
4,CATASTROPHIC,1358879,1,cyclone,16204,17298,9077,6010,8957,9301,16851,18411,4463,5022
0,NONE,1173916,0,earthquake,0,0,0,0,0,0,0,0,0,0
3,SEVERE,3369734,1,cyclone,26177,23887,9282,7988,8072,12107,21481,25742,3169,4896
1,MINOR,1773024,0,earthquake,962,926,490,319,282,188,765,913,158,156
0,NONE,3576425,0,earthquake,0,0,0,0,0,0,0,0,0,0
3,SEVERE,2182792,1,cyclone,14563,18064,5673,5241,5782,6418,14773,17860,2116,2341
0,NONE,4373068,0,earthquake,0,0,0,0,0,0,0,0,0,0
3,SEVERE,3919479,0,earthquake,13905,17851,10224,11730,8761,8221,18621,20111,3911,4123
0,NONE,3281144,0,earthquake,0,0,0,0,0,0,0,0,0,0
3,SEVERE,1689142,1,cyclone,9936,10508,4482,3777,4660,4783,10521,12924,1683,2223
2,MODERATE,4860390,0,earthquake,10600,9825,4971,5172,4870,2754,10690,9423,2255,2618
4,CATASTROPHIC,4546744,1,cyclone,55955,56762,32519,25260,29434,32580,62406,64843,12099,15479
3,SEVERE,4013392,1,cyclone,32784,24161,12569,9111,10149,11748,28306,28897,4048,3752
1,MINOR,1617340,0,earthquake,931,884,494,357,290,185,816,789,178,177
1,MINOR,2840044,0,earthquake,1345,1460,886,540,640,290,1395,1246,316,286
4,CATASTROPHIC,671162,1,cyclone,8793,8601,5118,3332,3137,4676,9027,10408,2041,2374
0,NONE,4352421,0,earthquake,0,0,0,0,0,0,0,0,0,0
2,MODERATE,3990941,1,cyclone,10564,10833,5030,3385,4797,2832,9696,12033,1809,2557
1,MINOR,1411589,1,cyclone,864,1132,423,201,336,212,953,942,153,171
0,NONE,3698030,1,cyclone,0,0,0,0,0,0,0,0,0,0
4,CATASTROPHIC,1306868,1,cyclone,16515,17876,8503,6981,7833,7820,13078,19718,2834,4613
3,SEVERE,1361915,0,earthquake,6552,7178,3811,4727,2954,2311,6615,7849,1266,1354
0,NONE,1962490,0,earthquake,0,0,0,0,0,0,0,0,0,0
1,MINOR,4032562,0,earthquake,2083,1926,1254,781,734,399,2265,1894,411,376
3,SEVERE,2496357,0,earthquake,11005,14124,8142,7777,4374,5886,13765,12102,2367,2515
4,CATASTROPHIC,4839528,0,earthquake,45547,42913,26595,32879,22478,23188,46739,44328,14691,14201
4,CATASTROPHIC,3661042,0,earthquake,39438,36514,19107,24722,19278,18639,32874,33878,8842,11586
3,SEVERE,1968987,1,cyclone,12350,12292,6103,3949,5092,6249,14293,14841,1866,2464
2,MODERATE,793031,0,earthquake,1378,1490,770,820,790,382,1441,1649,376,410
3,SEVERE,3459686,0,earthquake,19229,19048,11425,9032,6202,7585,18078,16546,3705,3634
1,MINOR,3633988,0,earthquake,1449,1624,1280,550,785,337,1863,2073,374,415
2,MODERATE,265894,0,earthquake,494,642,258,270,308,147,445,515,132,135
4,CATASTROPHIC,2093285,1,cyclone,26686,25844,13952,9932,12706,15396,24720,37004,6125,7751
1,MINOR,91569,0,earthquake,42,44,29,17,19,9,49,43,8,9
1,MINOR,3909685,1,cyclone,2916,2501,1101,664,985,580,2347,2567,387,459
0,NONE,971447,1,cyclone,0,0,0,0,0,0,0,0,0,0
2,MODERATE,645709,0,earthquake,1253,1207,597,598,565,304,1316,1173,326,339
3,SEVERE,1172535,1,cyclone,8237,7576,3992,2617,3105,3595,6606,8968,1232,1489
2,MODERATE,173008,0,earthquake,357,341,167,164,177,95,423,384,93,79
4,CATASTROPHIC,1703957,1,cyclone,25611,23305,8085,9732,10789,12241,19147,25295,4865,5535
4,CATASTROPHIC,2467852,1,cyclone,34979,36144,14289,14670,15950,21088,29034,36808,7823,8415
2,MODERATE,3030242,0,earthquake,6310,6555,3108,2467,2923,1442,5788,5935,1523,1807
3,SEVERE,4767926,0,earthquake,25353,23814,15276,11978,8544,9477,24916,23530,4805,5057
0,NONE,400604,1,cyclone,0,0,0,0,0,0,0,0,0,0
0,NONE,2816486,1,cyclone,0,0,0,0,0,0,0,0,0,0
0,NONE,2302561,0,earthquake,0,0,0,0,0,0,0,0,0,0
1,MINOR,1136808,0,earthquake,643,647,356,220,234,97,656,467,112,113
1,MINOR,3714992,0,earthquake,2035,1951,1198,701,759,319,1500,1747,373,460
0,NONE,2879575,1,cyclone,0,0,0,0,0,0,0,0,0,0
4,CATASTROPHIC,1115282,1,cyclone,11776,17108,6382,5641,6388,6730,12902,17138,3229,3908
1,MINOR,2176646,0,earthquake,1242,1110,773,448,422,190,1112,988,229,215
0,NONE,3680697,1,cyclone,0,0,0,0,0,0,0,0,0,0
2,MODERATE,4914166,1,cyclone,13073,14361,4747,3587,5986,3792,14440,17805,2819,2427
0,NONE,2510625,0,earthquake,0,0,0,0,0,0,0,0,0,0
1,MINOR,4949589,1,cyclone,3356,3036,1476,781,1093,738,2608,3875,475,578
2,MODERATE,1597826,0,earthquake,3146,3246,1326,1415,1423,838,3695,3384,808,716
1,MINOR,4036966,0,earthquake,2103,2225,1172,720,866,408,2013,2052,355,393
1,MINOR,2696770,1,cyclone,1662,1748,831,467,713,382,2037,2045,225,327
4,CATASTROPHIC,2122837,1,cyclone,28364,25193,16996,11121,10420,17960,29281,31027,6399,7553
1,MINOR,2355400,0,earthquake,1129,1379,721,492,468,253,1368,886,261,271
4,CATASTROPHIC,2023202,0,earthquake,24068,18713,16542,15360,9197,9234,22574,20632,6014,7167
0,NONE,4993203,1,cyclone,0,0,0,0,0,0,0,0,0,0
1,MINOR,2652532,1,cyclone,1660,1516,999,394,679,389,1252,1959,268,300
2,MODERATE,2054754,0,earthquake,3811,4903,2596,2163,2110,1143,3549,3882,812,1075
0,NONE,2693219,0,earthquake,0,0,0,0,0,0,0,0,0,0
4,CATASTROPHIC,4632821,1,cyclone,55181,65562,30134,25341,24731,31748,66914,66942,13260,15298
4,CATASTROPHIC,4421954,1,cyclone,57127,58242,26897,25497,26021,38015,66329,63104,10138,17330
1,MINOR,63673,0,earthquake,35,25,19,12,13,6,33,33,8,7
2,MODERATE,4360390,1,cyclone,11236,12356,3801,3228,5251,3092,9392,12604,1915,2773
2,MODERATE,2627748,0,earthquake,5616,4839,3136,2399,2464,1409,5242,5274,1318,1460
0,NONE,4117751,1,cyclone,0,0,0,0,0,0,0,0,0,0
3,SEVERE,509919,0,earthquake,2589,2448,1546,1407,1089,1019,2500,2495,547,480
4,CATASTROPHIC,3366763,1,cyclone,46761,44872,24840,19483,17288,30284,46292,42458,8648,14040
3,SEVERE,2612512,1,cyclone,15046,18796,6007,5937,5498,7988,16714,20336,2385,3218
3,SEVERE,2727987,1,cyclone,17971,20911,7931,5889,6232,8288,16915,24385,2559,2928
1,MINOR,4187790,0,earthquake,2263,2289,1260,787,678,469,2275,2001,421,409
1,MINOR,1255760,0,earthquake,554,546,320,267,236,130,583,623,121,145
3,SEVERE,150165,1,cyclone,998,1040,484,363,377,460,917,1095,158,190
4,CATASTROPHIC,301780,0,earthquake,3257,2761,2332,1951,1454,1384,3013,2774,824,1040
1,MINOR,3124108,1,cyclone,2006,1775,930,462,714,466,2379,2366,376,349
1,MINOR,96755,0,earthquake,38,49,31,16,18,9,53,46,9,8
4,CATASTROPHIC,1866890,1,cyclone,23780,26202,14509,9688,12860,14009,26191,29246,5985,6771
3,SEVERE,1802025,1,cyclone,10281,11346,4985,5011,4271,5339,11092,14901,1996,1835
2,MODERATE,2764976,1,cyclone,8124,5615,2091,2147,3485,1958,7608,9108,1474,1676
0,NONE,3829,0,earthquake,0,0,0,0,0,0,0,0,0,0
3,SEVERE,3562062,1,cyclone,20857,24556,11481,9435,9795,11180,21118,30649,3904,4101
0,NONE,3870913,0,earthquake,0,0,0,0,0,0,0,0,0,0
2,MODERATE,3029963,1,cyclone,8143,7169,2797,2046,3151,2468,7685,8432,1510,1748
2,MODERATE,331682,0,earthquake,662,737,268,319,290,169,714,721,163,185
2,MODERATE,4773522,1,cyclone,13043,14215,5479,4084,6672,3590,11616,14183,2443,2604
